filepath,churn,num_commits,sloc,bugs,enhancements,blocker_sev_bugs,major_sev_bugs,minor_sev_bugs,critical_sev_bugs,normal_sev_bugs,trivial_sev_bugs,regressions,vulnerabilities
server/core.c,7996,311,4287,19,4,0,6,0,1,8,0,0,2
modules/mappers/mod_rewrite.c,17543,256,3746,22,3,0,2,0,1,16,0,0,2
modules/filters/mod_include.c,19434,286,3176,11,0,0,4,1,1,5,0,0,1
modules/dav/main/mod_dav.c,8957,112,3143,6,0,1,0,0,0,5,0,0,3
modules/proxy/proxy_util.c,14012,193,2854,11,0,0,1,0,0,9,0,1,1
server/mpm/event/event.c,0,0,2809,0,0,0,0,0,0,0,0,0,0
server/util.c,3397,129,2530,2,0,0,0,0,0,2,0,0,5
modules/lua/lua_request.c,0,0,2413,0,0,0,0,0,0,0,0,0,0
modules/proxy/mod_proxy.c,5797,179,2392,10,0,0,1,0,0,9,0,0,0
modules/ssl/mod_ssl_ct.c,0,0,2300,0,0,0,0,0,0,0,0,0,0
modules/ldap/util_ldap.c,2590,55,2254,5,0,0,1,0,0,4,0,0,1
support/ab.c,8760,149,1984,7,0,0,1,2,0,4,0,0,0
modules/http2/h2_session.c,0,0,1884,0,0,0,0,0,0,0,0,0,0
server/config.c,4723,164,1823,7,2,0,2,1,0,2,0,0,0
modules/generators/mod_autoindex.c,4207,114,1823,10,2,0,0,5,0,3,0,0,0
server/util_expr_scan.c,0,0,1820,0,0,0,0,0,0,0,0,0,0
modules/mappers/mod_negotiation.c,2232,109,1806,0,0,0,0,0,0,0,0,0,2
modules/lua/mod_lua.c,0,0,1788,0,0,0,0,0,0,0,0,0,0
server/mpm/worker/worker.c,3911,165,1769,3,0,0,1,1,1,0,0,0,2
modules/metadata/mod_mime_magic.c,2826,57,1731,1,0,0,0,0,0,1,0,0,0
server/util_expr_eval.c,0,0,1729,0,0,0,0,0,0,0,0,0,0
server/request.c,6624,148,1633,11,1,0,4,0,0,5,0,1,0
modules/cache/mod_cache.c,882,26,1607,1,0,0,1,0,0,0,0,0,0
modules/ssl/ssl_engine_config.c,3844,100,1546,5,1,0,0,0,0,4,0,0,0
modules/aaa/mod_authnz_ldap.c,1068,23,1541,3,2,0,0,0,0,1,0,0,0
modules/ssl/ssl_engine_kernel.c,4171,123,1505,9,1,0,1,0,2,5,0,0,5
server/protocol.c,4096,175,1499,12,0,1,1,3,3,4,0,0,5
modules/proxy/mod_proxy_balancer.c,859,18,1482,2,0,0,1,0,0,1,0,0,1
modules/proxy/mod_proxy_ftp.c,45,6,1473,1,0,0,0,0,0,0,1,0,4
modules/dav/fs/repos.c,3624,84,1468,0,0,0,0,0,0,0,0,0,0
modules/ssl/ssl_engine_io.c,6244,139,1468,11,0,0,2,0,3,6,0,0,3
support/htcacheclean.c,1140,19,1458,0,0,0,0,0,0,0,0,0,0
support/win32/ApacheMonitor.c,4967,30,1435,3,0,0,1,1,0,1,0,0,0
server/log.c,2052,124,1428,8,0,0,0,0,4,4,0,0,2
server/util_expr_parse.c,0,0,1423,0,0,0,0,0,0,0,0,0,0
modules/proxy/mod_proxy_http.c,1525,37,1417,4,0,0,1,0,1,1,0,1,3
modules/generators/mod_cgid.c,4769,179,1417,8,0,0,4,1,1,2,0,0,1
modules/ssl/ssl_engine_init.c,4653,137,1416,6,0,0,0,1,1,4,0,0,0
modules/loggers/mod_log_config.c,2227,110,1402,6,0,0,0,1,1,4,0,0,0
modules/filters/mod_deflate.c,1475,63,1378,10,0,0,2,1,0,7,0,0,0
server/mpm/motorz/motorz.c,0,0,1326,0,0,0,0,0,0,0,0,0,0
modules/aaa/mod_auth_digest.c,4390,89,1315,2,0,0,0,0,0,2,0,0,0
modules/dav/main/util.c,3620,58,1250,3,0,0,0,0,0,3,0,0,1
modules/http/http_protocol.c,17555,440,1213,12,1,0,3,2,1,5,0,0,1
modules/cache/mod_cache_socache.c,0,0,1203,0,0,0,0,0,0,0,0,0,0
server/mpm/winnt/mpm_winnt.c,10493,279,1196,1,0,0,0,0,1,0,0,0,0
modules/http/http_filters.c,229,13,1188,0,0,0,0,0,0,0,0,0,0
modules/arch/win32/mod_isapi.c,7806,98,1183,9,1,0,1,2,0,5,0,0,1
modules/filters/mod_proxy_html.c,0,0,1171,0,0,0,0,0,0,0,0,0,0
modules/http2/h2_mplx.c,0,0,1157,0,0,0,0,0,0,0,0,0,0
modules/cache/mod_cache_disk.c,0,0,1134,0,0,0,0,0,0,0,0,0,0
modules/http2/h2_proxy_session.c,0,0,1121,0,0,0,0,0,0,0,0,0,0
modules/http2/h2_util.c,0,0,1118,0,0,0,0,0,0,0,0,0,0
server/mpm/prefork/prefork.c,5738,231,1117,4,0,0,1,0,1,2,0,0,2
modules/aaa/mod_authnz_fcgi.c,0,0,1054,0,0,0,0,0,0,0,0,0,0
modules/ssl/ssl_engine_vars.c,971,52,1037,6,1,0,2,1,0,2,0,0,0
modules/proxy/mod_proxy_hcheck.c,0,0,996,0,0,0,0,0,0,0,0,0,0
server/mpm/netware/mpm_netware.c,2502,95,981,0,0,0,0,0,0,0,0,0,1
modules/test/mod_policy.c,0,0,968,0,0,0,0,0,0,0,0,0,0
server/mpm/winnt/child.c,909,48,959,1,0,0,1,0,0,0,0,0,0
modules/arch/netware/mod_nw_ssl.c,1514,32,945,0,0,0,0,0,0,0,0,0,0
modules/dav/fs/lock.c,1787,36,939,1,0,0,1,0,0,0,0,0,1
modules/generators/mod_cgi.c,3351,148,935,8,0,0,2,0,0,6,0,0,0
server/mpm/winnt/service.c,4221,66,931,1,0,0,0,1,0,0,0,0,0
modules/aaa/mod_auth_form.c,0,0,920,0,0,0,0,0,0,0,0,0,0
modules/cache/cache_util.c,208,11,872,0,0,0,0,0,0,0,0,0,1
modules/proxy/mod_serf.c,0,0,866,0,0,0,0,0,0,0,0,0,0
server/apreq_util.c,0,0,858,0,0,0,0,0,0,0,0,0,0
modules/aaa/mod_authz_core.c,0,0,853,0,0,0,0,0,0,0,0,0,0
modules/generators/mod_info.c,2313,59,844,2,0,0,0,1,0,1,0,0,1
modules/dav/main/mod_dav.h,3211,74,835,1,0,0,0,0,0,1,0,0,0
server/vhost.c,1921,80,834,4,0,0,0,1,2,1,0,0,0
modules/filters/sed0.c,0,0,833,0,0,0,0,0,0,0,0,0,0
modules/generators/mod_status.c,3432,74,806,1,0,0,0,1,0,0,0,0,2
modules/http/mod_mime.c,3537,88,804,1,0,0,0,0,0,1,0,0,0
server/listen.c,1638,94,802,4,1,0,1,0,0,2,0,0,1
CMakeLists.txt,0,0,793,0,0,0,0,0,0,0,0,0,0
modules/filters/sed1.c,0,0,792,0,0,0,0,0,0,0,0,0,0
modules/http2/h2_push.c,0,0,784,0,0,0,0,0,0,0,0,0,0
server/util_filter.c,1752,104,783,3,0,0,1,0,0,2,0,0,0
modules/dav/lock/locks.c,75,7,782,0,0,0,0,0,0,0,0,0,0
modules/filters/mod_charset_lite.c,116,2,780,0,0,0,0,0,0,0,0,0,0
server/mpm_unix.c,0,0,780,0,0,0,0,0,0,0,0,0,0
modules/cache/mod_socache_shmcb.c,0,0,759,0,0,0,0,0,0,0,0,0,0
server/apreq_module_cgi.c,0,0,750,0,0,0,0,0,0,0,0,0,0
include/httpd.h,3539,203,749,5,1,1,1,1,0,1,0,0,3
modules/cluster/mod_heartmonitor.c,0,0,743,0,0,0,0,0,0,0,0,0,0
modules/metadata/mod_headers.c,1532,60,739,3,1,1,1,0,0,0,0,0,0
modules/database/mod_dbd.c,86,5,738,0,0,0,0,0,0,0,0,0,0
modules/filters/mod_ext_filter.c,387,14,718,2,0,0,0,0,0,2,0,0,0
modules/proxy/mod_proxy_fcgi.c,0,0,708,0,0,0,0,0,0,0,0,0,0
acinclude.m4,1894,136,694,5,2,0,0,1,0,2,0,0,0
modules/ldap/util_ldap_cache_mgr.c,353,18,689,2,0,0,1,0,0,1,0,0,0
server/util_script.c,1516,71,673,3,0,0,1,1,1,0,0,0,2
modules/ssl/ssl_private.h,171,17,668,5,1,0,0,0,0,4,0,0,0
modules/ssl/ssl_util_stapling.c,0,0,662,0,0,0,0,0,0,0,0,0,0
modules/proxy/ajp_header.c,455,21,654,3,0,0,1,0,0,2,0,0,0
modules/ssl/ssl_ct_util.c,0,0,649,0,0,0,0,0,0,0,0,0,0
modules/slotmem/mod_slotmem_shm.c,0,0,645,0,0,0,0,0,0,0,0,0,0
modules/proxy/mod_proxy.h,4312,156,630,5,0,0,1,0,0,4,0,0,0
modules/mappers/mod_imagemap.c,268,5,624,1,0,0,0,0,0,1,0,0,2
modules/filters/mod_filter.c,8,1,618,0,0,0,0,0,0,0,0,0,0
modules/dav/main/props.c,2584,40,614,0,0,0,0,0,0,0,0,0,0
server/main.c,1732,137,612,2,0,0,0,2,0,0,0,0,1
modules/core/mod_macro.c,0,0,605,0,0,0,0,0,0,0,0,0,0
support/rotatelogs.c,656,34,600,1,1,0,0,0,0,0,0,0,0
modules/lua/lua_dbd.c,0,0,593,0,0,0,0,0,0,0,0,0,0
support/firehose.c,0,0,583,0,0,0,0,0,0,0,0,0,0
modules/proxy/mod_proxy_ajp.c,389,13,570,1,0,0,0,0,0,1,0,0,0
modules/http2/h2_h2.c,0,0,552,0,0,0,0,0,0,0,0,0,0
modules/mappers/mod_alias.c,817,52,534,2,0,0,0,0,0,2,0,0,1
modules/examples/mod_example_hooks.c,0,0,532,0,0,0,0,0,0,0,0,0,0
server/core_filters.c,155,12,528,1,0,1,0,0,0,0,0,0,0
modules/core/mod_watchdog.c,0,0,523,0,0,0,0,0,0,0,0,0,0
modules/http2/h2_stream.c,0,0,521,0,0,0,0,0,0,0,0,0,0
os/win32/ap_regkey.c,729,13,521,0,0,0,0,0,0,0,0,0,0
modules/filters/mod_xml2enc.c,0,0,514,0,0,0,0,0,0,0,0,0,0
server/scoreboard.c,1233,82,510,1,0,0,0,0,0,1,0,0,1
modules/http/http_request.c,3133,152,497,9,0,1,1,1,0,6,0,0,0
modules/filters/mod_substitute.c,0,0,496,0,0,0,0,0,0,0,0,0,0
modules/proxy/mod_proxy_scgi.c,0,0,493,0,0,0,0,0,0,0,0,0,0
server/apreq_parser_multipart.c,0,0,492,0,0,0,0,0,0,0,0,0,0
modules/filters/mod_reqtimeout.c,0,0,492,0,0,0,0,0,0,0,0,0,1
modules/http2/h2_config.c,0,0,490,0,0,0,0,0,0,0,0,0,0
modules/http2/mod_proxy_http2.c,0,0,487,0,0,0,0,0,0,0,0,0,0
modules/filters/regexp.c,0,0,485,0,0,0,0,0,0,0,0,0,0
server/mpm_common.c,2173,137,485,2,0,0,0,0,1,1,0,0,1
modules/debugging/mod_firehose.c,0,0,484,0,0,0,0,0,0,0,0,0,0
modules/ssl/mod_ssl.c,2394,112,483,7,1,0,0,0,0,6,0,0,0
modules/dav/fs/dbm.c,1304,34,478,1,0,0,0,0,0,1,0,0,0
modules/session/mod_session_crypto.c,0,0,474,0,0,0,0,0,0,0,0,0,0
support/suexec.c,772,34,465,3,0,0,1,2,0,0,0,0,0
modules/session/mod_session.c,0,0,462,0,0,0,0,0,0,0,0,0,1
modules/arch/unix/mod_privileges.c,0,0,453,0,0,0,0,0,0,0,0,0,0
modules/cache/mod_socache_dbm.c,0,0,453,0,0,0,0,0,0,0,0,0,0
modules/cache/cache_storage.c,275,18,452,2,0,0,2,0,0,0,0,0,1
modules/proxy/mod_proxy_wstunnel.c,0,0,452,0,0,0,0,0,0,0,0,0,0
modules/dav/main/util_lock.c,1087,27,442,0,0,0,0,0,0,0,0,0,0
modules/session/mod_session_dbd.c,0,0,441,0,0,0,0,0,0,0,0,0,0
modules/http/byterange_filter.c,158,6,439,1,0,0,1,0,0,0,0,0,2
modules/metadata/mod_setenvif.c,1126,53,434,1,0,0,0,0,0,1,0,0,1
server/util_mutex.c,0,0,432,0,0,0,0,0,0,0,0,0,0
test/time-sem.c,237,9,425,0,0,0,0,0,0,0,0,0,0
include/http_config.h,2310,109,420,3,2,0,0,1,0,0,0,0,0
modules/arch/win32/mod_win32.c,724,32,412,2,0,0,0,0,0,2,0,0,0
modules/http2/h2_from_h1.c,0,0,410,0,0,0,0,0,0,0,0,0,0
server/mpm/mpmt_os2/mpmt_os2.c,242,33,408,0,0,0,0,0,0,0,0,0,1
server/apreq_cookie.c,0,0,401,0,0,0,0,0,0,0,0,0,0
support/htdbm.c,331,20,397,1,0,0,0,0,0,1,0,0,0
modules/lua/lua_vmprep.c,0,0,390,0,0,0,0,0,0,0,0,0,0
build/default.pl,2,1,387,0,0,0,0,0,0,0,0,0,0
modules/apreq/filter.c,0,0,381,0,0,0,0,0,0,0,0,0,0
include/http_core.h,1026,86,377,4,2,0,1,0,0,1,0,0,1
modules/filters/mod_sed.c,0,0,377,0,0,0,0,0,0,0,0,0,0
modules/ssl/ssl_engine_pphrase.c,1210,54,376,1,0,0,0,0,0,1,0,0,0
modules/aaa/mod_authn_socache.c,0,0,375,0,0,0,0,0,0,0,0,0,0
modules/aaa/mod_auth_basic.c,605,22,375,0,0,0,0,0,0,0,0,0,0
support/htpasswd.c,1954,76,373,4,0,0,0,1,0,3,0,0,0
os/unix/unixd.c,1415,63,371,5,0,0,1,0,1,3,0,0,1
modules/http2/h2_io.c,0,0,367,0,0,0,0,0,0,0,0,0,0
modules/ldap/util_ldap_cache.c,600,21,365,1,0,0,0,0,0,1,0,0,0
include/http_log.h,570,40,350,1,0,0,0,0,0,1,0,0,1
modules/metadata/mod_remoteip.c,0,0,348,0,0,0,0,0,0,0,0,0,0
modules/proxy/ajp_msg.c,191,7,346,1,0,0,0,0,0,1,0,0,0
modules/ssl/ssl_ct_log_config.c,0,0,345,0,0,0,0,0,0,0,0,0,0
server/mpm/event/fdqueue.c,0,0,343,0,0,0,0,0,0,0,0,0,0
modules/proxy/balancers/mod_lbmethod_heartbeat.c,0,0,343,0,0,0,0,0,0,0,0,0,0
server/mpm/mpmt_os2/mpmt_os2_child.c,285,34,342,0,0,0,0,0,0,0,0,0,0
modules/mappers/mod_vhost_alias.c,709,34,342,1,0,0,0,0,0,1,0,0,0
modules/http2/h2_request.c,0,0,331,0,0,0,0,0,0,0,0,0,0
modules/aaa/mod_authz_dbd.c,0,0,328,0,0,0,0,0,0,0,0,0,0
include/apache_noprobes.h,0,0,325,0,0,0,0,0,0,0,0,0,0
modules/http2/h2_workers.c,0,0,320,0,0,0,0,0,0,0,0,0,0
modules/proxy/mod_proxy_connect.c,22,4,318,1,0,0,0,0,0,1,0,0,0
modules/apreq/handle.c,0,0,316,0,0,0,0,0,0,0,0,0,0
modules/ssl/ssl_util_ssl.c,569,34,305,0,0,0,0,0,0,0,0,0,0
modules/metadata/mod_expires.c,799,49,303,9,1,0,2,0,1,5,0,0,0
modules/metadata/mod_usertrack.c,603,47,303,5,0,0,1,1,1,2,0,0,0
server/util_expr_scan.l,0,0,303,0,0,0,0,0,0,0,0,0,0
modules/ssl/ssl_util.c,969,49,302,1,0,0,0,0,0,1,0,0,0
modules/mappers/mod_speling.c,655,37,300,1,0,0,0,0,0,1,0,0,0
support/win32/wintty.c,406,18,298,1,0,0,1,0,0,0,0,0,0
modules/arch/unix/mod_unixd.c,0,0,297,0,0,0,0,0,0,0,0,0,0
modules/mappers/mod_dir.c,577,48,295,2,2,0,0,0,0,0,0,0,0
support/passwd_common.c,0,0,295,0,0,0,0,0,0,0,0,0,0
modules/aaa/mod_authn_core.c,0,0,293,0,0,0,0,0,0,0,0,0,0
modules/aaa/mod_access_compat.c,0,0,291,0,0,0,0,0,0,0,0,0,0
modules/http2/h2_conn_io.c,0,0,287,0,0,0,0,0,0,0,0,0,0
modules/aaa/mod_authz_host.c,85,9,286,0,0,0,0,0,0,0,0,0,0
modules/http2/h2_ngn_shed.c,0,0,284,0,0,0,0,0,0,0,0,0,0
modules/cache/mod_socache_memcache.c,0,0,276,0,0,0,0,0,0,0,0,0,0
server/apreq_parser.c,0,0,268,0,0,0,0,0,0,0,0,0,0
modules/aaa/mod_authn_dbd.c,15,3,264,0,0,0,0,0,0,0,0,0,0
modules/filters/mod_request.c,0,0,263,0,0,0,0,0,0,0,0,0,0
modules/slotmem/mod_slotmem_plain.c,0,0,263,0,0,0,0,0,0,0,0,0,0
server/apreq_parser_header.c,0,0,260,0,0,0,0,0,0,0,0,0,0
support/httxt2dbm.c,50,4,257,0,0,0,0,0,0,0,0,0,0
build/installwinconf.awk,0,0,256,0,0,0,0,0,0,0,0,0,0
server/mpm/worker/fdqueue.c,1095,35,255,0,0,0,0,0,0,0,0,0,0
modules/cache/mod_file_cache.c,1760,84,251,1,0,0,1,0,0,0,0,0,0
modules/http2/mod_http2.c,0,0,249,0,0,0,0,0,0,0,0,0,0
server/mpm/simple/simple_run.c,0,0,247,0,0,0,0,0,0,0,0,0,0
modules/http2/h2_filter.c,0,0,247,0,0,0,0,0,0,0,0,0,0
modules/ssl/ssl_util_ocsp.c,0,0,246,0,0,0,0,0,0,0,0,0,0
modules/aaa/mod_authz_dbm.c,373,18,245,0,0,0,0,0,0,0,0,0,0
README.cmake,0,0,245,0,0,0,0,0,0,0,0,0,0
modules/core/mod_so.c,0,0,241,0,0,0,0,0,0,0,0,0,0
modules/http2/h2_conn.c,0,0,240,0,0,0,0,0,0,0,0,0,0
modules/ssl/ssl_ct_sct.c,0,0,238,0,0,0,0,0,0,0,0,0,0
modules/http2/h2_task.c,0,0,236,0,0,0,0,0,0,0,0,0,0
modules/filters/mod_ratelimit.c,0,0,234,0,0,0,0,0,0,0,0,0,0
modules/loggers/mod_log_debug.c,0,0,234,0,0,0,0,0,0,0,0,0,0
test/make_sni.sh,0,0,231,0,0,0,0,0,0,0,0,0,0
modules/test/mod_dialup.c,0,0,230,0,0,0,0,0,0,0,0,0,0
modules/aaa/mod_authz_groupfile.c,271,17,228,1,0,0,0,1,0,0,0,0,0
support/ctlogconfig,0,0,225,0,0,0,0,0,0,0,0,0,0
server/apreq_module_custom.c,0,0,225,0,0,0,0,0,0,0,0,0,0
server/util_fcgi.c,0,0,225,0,0,0,0,0,0,0,0,0,0
modules/http/http_core.c,10525,292,225,1,0,0,1,0,0,0,0,0,0
modules/mappers/mod_userdir.c,533,55,224,8,0,0,0,1,2,5,0,0,0
support/htdigest.c,858,45,221,2,0,0,0,1,0,1,0,0,0
modules/lua/lua_config.c,0,0,219,0,0,0,0,0,0,0,0,0,0
apache_probes.d,0,0,211,0,0,0,0,0,0,0,0,0,0
server/mpm/simple/simple_api.c,0,0,211,0,0,0,0,0,0,0,0,0,0
modules/ssl/ssl_engine_ocsp.c,0,0,211,0,0,0,0,0,0,0,0,0,0
modules/filters/mod_buffer.c,0,0,210,0,0,0,0,0,0,0,0,0,0
modules/metadata/mod_ident.c,88,7,210,0,0,0,0,0,0,0,0,0,0
server/apreq_parser_urlencoded.c,0,0,207,0,0,0,0,0,0,0,0,0,0
server/apreq_param.c,0,0,204,0,0,0,0,0,0,0,0,0,0
server/mpm/simple/simple_io.c,0,0,203,0,0,0,0,0,0,0,0,0,0
modules/loggers/mod_log_forensic.c,154,20,201,0,0,0,0,0,0,0,0,0,0
support/logresolve.c,401,23,200,1,0,0,0,0,0,1,0,0,0
server/util_time.c,231,16,196,0,0,0,0,0,0,0,0,0,0
server/util_pcre.c,37,5,195,0,0,0,0,0,0,0,0,0,0
modules/metadata/mod_version.c,11,3,193,0,0,0,0,0,0,0,0,0,0
modules/metadata/mod_cern_meta.c,498,39,192,1,0,0,0,1,0,0,0,0,0
modules/http2/config2.m4,0,0,191,0,0,0,0,0,0,0,0,0,0
modules/lua/config.m4,0,0,190,0,0,0,0,0,0,0,0,0,0
modules/session/mod_session_cookie.c,0,0,184,0,0,0,0,0,0,0,0,0,0
modules/loggers/mod_logio.c,140,9,179,1,1,0,0,0,0,0,0,0,0
modules/cache/cache_util.h,0,0,178,0,0,0,0,0,0,0,0,0,0
modules/examples/mod_example_ipc.c,0,0,178,0,0,0,0,0,0,0,0,0,0
server/util_debug.c,228,13,174,0,0,0,0,0,0,0,0,0,0
modules/http2/h2_task_input.c,0,0,174,0,0,0,0,0,0,0,0,0,0
modules/proxy/mod_proxy_fdpass.c,0,0,172,0,0,0,0,0,0,0,0,0,0
modules/experimental/mod_noloris.c,0,0,170,0,0,0,0,0,0,0,0,0,0
modules/cluster/mod_heartbeat.c,0,0,169,0,0,0,0,0,0,0,0,0,0
server/util_cookies.c,0,0,167,0,0,0,0,0,0,0,0,0,0
build/binbuild.sh,422,35,167,0,0,0,0,0,0,0,0,0,0
modules/debugging/mod_dumpio.c,0,0,167,0,0,0,0,0,0,0,0,0,0
buildconf,511,44,162,0,0,0,0,0,0,0,0,0,0
server/util_expr_parse.y,0,0,162,0,0,0,0,0,0,0,0,0,0
modules/dav/main/std_liveprop.c,229,15,160,0,0,0,0,0,0,0,0,0,0
include/http_protocol.h,1425,87,159,4,0,0,2,0,0,2,0,0,0
modules/proxy/mod_proxy_express.c,0,0,157,0,0,0,0,0,0,0,0,0,0
modules/ssl/ssl_engine_log.c,615,31,156,0,0,0,0,0,0,0,0,0,0
server/util_regex.c,0,0,156,0,0,0,0,0,0,0,0,0,0
modules/echo/mod_echo.c,322,32,156,0,0,0,0,0,0,0,0,0,0
include/util_ldap.h,383,28,156,11,0,2,2,0,4,3,0,0,0
modules/http2/h2_response.c,0,0,155,0,0,0,0,0,0,0,0,0,0
include/util_filter.h,1554,93,153,2,0,0,1,0,0,1,0,0,0
modules/loggers/mod_journald.c,0,0,153,0,0,0,0,0,0,0,0,0,0
include/apreq_module.h,0,0,151,0,0,0,0,0,0,0,0,0,0
modules/filters/mod_data.c,0,0,150,0,0,0,0,0,0,0,0,0,0
modules/ssl/ssl_scache.c,458,25,148,1,0,0,1,0,0,0,0,0,0
modules/aaa/mod_authn_dbm.c,321,18,147,0,0,0,0,0,0,0,0,0,0
support/fcgistarter.c,0,0,146,0,0,0,0,0,0,0,0,0,0
support/config.m4,105,8,146,1,0,0,0,1,0,0,0,0,0
modules/arch/win32/mod_isapi.h,113,9,145,0,0,0,0,0,0,0,0,0,0
modules/aaa/mod_authz_owner.c,90,7,144,0,0,0,0,0,0,0,0,0,0
modules/filters/mod_reflector.c,0,0,143,0,0,0,0,0,0,0,0,0,0
modules/cache/mod_socache_dc.c,0,0,143,0,0,0,0,0,0,0,0,0,0
modules/loggers/mod_syslog.c,0,0,143,0,0,0,0,0,0,0,0,0,0
modules/mappers/mod_actions.c,353,35,143,1,0,0,0,0,0,1,0,0,0
modules/lua/lua_passwd.c,0,0,142,0,0,0,0,0,0,0,0,0,0
modules/aaa/mod_authn_file.c,223,11,141,0,0,0,0,0,0,0,0,0,0
test/cls.c,238,9,140,0,0,0,0,0,0,0,0,0,0
build/mkconfNW.awk,115,22,140,0,0,0,0,0,0,0,0,0,0
modules/proxy/ajp.h,64,11,138,1,0,0,0,0,0,1,0,0,0
modules/arch/netware/mod_netware.c,470,21,138,0,0,0,0,0,0,0,0,0,0
server/provider.c,178,9,138,0,0,0,0,0,0,0,0,0,0
include/mpm_common.h,494,54,138,1,0,0,0,0,0,1,0,0,1
modules/aaa/mod_authn_anon.c,244,12,136,1,1,0,0,0,0,0,0,0,0
modules/http/http_etag.c,9,3,135,0,0,0,0,0,0,0,0,0,0
build/aix/mkinstallp.ksh,0,0,135,0,0,0,0,0,0,0,0,0,0
modules/http2/h2_int_queue.c,0,0,134,0,0,0,0,0,0,0,0,0,0
modules/http2/h2_mplx.h,0,0,133,0,0,0,0,0,0,0,0,0,0
modules/filters/config.m4,98,14,132,1,0,0,0,0,0,1,0,0,0
modules/metadata/mod_unique_id.c,446,47,132,0,0,0,0,0,0,0,0,0,0
modules/debugging/mod_bucketeer.c,0,0,131,0,0,0,0,0,0,0,0,0,0
modules/http2/h2_task_output.c,0,0,131,0,0,0,0,0,0,0,0,0,0
os/bs2000/ebcdic.c,220,14,127,0,0,0,0,0,0,0,0,0,0
modules/http2/h2_task_queue.c,0,0,126,0,0,0,0,0,0,0,0,0,0
build/buildinfo.sh,33,3,126,0,0,0,0,0,0,0,0,0,0
test/test_limits.c,10,3,125,0,0,0,0,0,0,0,0,0,0
include/scoreboard.h,426,60,125,0,0,0,0,0,0,0,0,0,0
modules/http2/h2_switch.c,0,0,125,0,0,0,0,0,0,0,0,0,0
modules/filters/libsed.h,0,0,123,0,0,0,0,0,0,0,0,0,0
server/connection.c,1195,93,120,1,0,0,0,0,0,0,1,0,0
modules/cache/config.m4,39,6,120,0,0,0,0,0,0,0,0,0,0
include/ap_config.h,977,62,119,0,0,0,0,0,0,0,0,0,1
server/mpm/motorz/motorz.h,0,0,117,0,0,0,0,0,0,0,0,0,0
build/make_exports.awk,72,9,117,0,0,0,0,0,0,0,0,0,0
server/mpm/winnt/nt_eventlog.c,154,11,117,0,0,0,0,0,0,0,0,0,0
include/apreq_util.h,0,0,115,0,0,0,0,0,0,0,0,0,0
modules/aaa/mod_allowhandlers.c,0,0,115,0,0,0,0,0,0,0,0,0,0
modules/ssl/ssl_engine_rand.c,300,27,115,0,0,0,0,0,0,0,0,0,0
modules/metadata/mod_env.c,511,31,114,2,0,0,0,1,0,1,0,0,0
modules/http2/h2_io_set.c,0,0,114,0,0,0,0,0,0,0,0,0,0
modules/ldap/util_ldap_cache.h,31,9,113,1,0,0,0,0,0,1,0,0,0
server/mpm/simple/simple_children.c,0,0,108,0,0,0,0,0,0,0,0,0,0
modules/lua/mod_lua.h,0,0,107,0,0,0,0,0,0,0,0,0,0
modules/examples/mod_case_filter_in.c,0,0,107,0,0,0,0,0,0,0,0,0,0
modules/aaa/mod_authz_user.c,133,12,106,0,0,0,0,0,0,0,0,0,0
modules/proxy/balancers/mod_lbmethod_bytraffic.c,0,0,106,0,0,0,0,0,0,0,0,0,0
modules/proxy/balancers/mod_lbmethod_bybusyness.c,0,0,105,0,0,0,0,0,0,0,0,0,0
modules/http2/h2.h,0,0,104,0,0,0,0,0,0,0,0,0,0
os/win32/util_win32.c,1156,33,103,0,0,0,0,0,0,0,0,0,0
include/http_request.h,712,45,103,0,0,0,0,0,0,0,0,0,0
modules/http/chunk_filter.c,38,6,103,0,0,0,0,0,0,0,0,0,0
modules/arch/unix/mod_systemd.c,0,0,103,0,0,0,0,0,0,0,0,0,0
modules/proxy/balancers/mod_lbmethod_byrequests.c,0,0,101,0,0,0,0,0,0,0,0,0,0
server/mpm/config.m4,324,39,101,0,0,0,0,0,0,0,0,0,0
include/ap_expr.h,0,0,100,0,0,0,0,0,0,0,0,0,0
modules/aaa/mod_allowmethods.c,0,0,100,0,0,0,0,0,0,0,0,0,0
support/ctauditscts,0,0,99,0,0,0,0,0,0,0,0,0,0
modules/http2/h2_session.h,0,0,98,0,0,0,0,0,0,0,0,0,0
build/make_nw_export.awk,196,14,97,0,0,0,0,0,0,0,0,0,0
ap.d,0,0,97,0,0,0,0,0,0,0,0,0,0
modules/http2/h2_worker.c,0,0,96,0,0,0,0,0,0,0,0,0,0
modules/cache/mod_cache.h,141,16,95,0,0,0,0,0,0,0,0,0,0
include/util_fcgi.h,0,0,95,0,0,0,0,0,0,0,0,0,0
modules/http2/h2_util.h,0,0,94,0,0,0,0,0,0,0,0,0,0
modules/proxy/ajp_utils.c,0,0,94,0,0,0,0,0,0,0,0,0,0
build/rpm/httpd.init,20,3,93,0,0,0,0,0,0,0,0,0,0
modules/http2/h2_alt_svc.c,0,0,92,0,0,0,0,0,0,0,0,0,0
modules/proxy/examples/mod_lbmethod_rr.c,0,0,92,0,0,0,0,0,0,0,0,0,0
modules/examples/mod_case_filter.c,0,0,91,0,0,0,0,0,0,0,0,0,0
modules/dav/main/liveprop.c,224,21,91,0,0,0,0,0,0,0,0,0,0
os/netware/modules.c,114,12,91,1,1,0,0,0,0,0,0,0,0
modules/lua/test/test.lua,0,0,89,0,0,0,0,0,0,0,0,0,0
server/mpm/simple/simple_types.h,0,0,89,0,0,0,0,0,0,0,0,0,0
server/util_xml.c,1736,31,89,1,0,0,1,0,0,0,0,0,0
modules/http2/h2_ctx.c,0,0,89,0,0,0,0,0,0,0,0,0,0
modules/generators/mod_asis.c,377,38,88,0,0,0,0,0,0,0,0,0,0
include/apreq_cookie.h,0,0,88,0,0,0,0,0,0,0,0,0,0
include/util_mutex.h,0,0,87,0,0,0,0,0,0,0,0,0,0
modules/generators/mod_suexec.c,134,20,86,2,0,0,1,0,1,0,0,0,0
server/gen_test_char.c,324,24,86,0,0,0,0,0,0,0,0,0,0
build/aix/buildaix.ksh,0,0,85,0,0,0,0,0,0,0,0,0,0
modules/lua/test/htdocs/test.lua,0,0,85,0,0,0,0,0,0,0,0,0,0
server/util_ebcdic.c,417,27,83,0,0,0,0,0,0,0,0,0,0
build/win32/fixBaseAddrs.pl,0,0,82,0,0,0,0,0,0,0,0,0,0
include/apreq_parser.h,0,0,82,0,0,0,0,0,0,0,0,0,0
server/mpm/config2.m4,0,0,81,0,0,0,0,0,0,0,0,0,0
server/util_expr_private.h,0,0,79,0,0,0,0,0,0,0,0,0,0
modules/dav/fs/mod_dav_fs.c,143,22,78,0,0,0,0,0,0,0,0,0,0
modules/core/mod_watchdog.h,0,0,78,0,0,0,0,0,0,0,0,0,0
modules/lua/lua_vmprep.h,0,0,77,0,0,0,0,0,0,0,0,0,0
include/ap_mpm.h,433,35,77,0,0,0,0,0,0,0,0,0,0
support/win32/ApacheMonitor.rc,623,22,77,0,0,0,0,0,0,0,0,0,0
modules/session/mod_session.h,0,0,77,0,0,0,0,0,0,0,0,0,0
server/util_expr_parse.h,0,0,76,0,0,0,0,0,0,0,0,0,0
build/install.sh,39,4,76,0,0,0,0,0,0,0,0,0,0
os/netware/util_nw.c,175,13,76,0,0,0,0,0,0,0,0,0,0
modules/proxy/ajp_link.c,48,7,74,0,0,0,0,0,0,0,0,0,0
modules/proxy/ajp_header.h,32,2,74,0,0,0,0,0,0,0,0,0,0
include/apreq_param.h,0,0,74,0,0,0,0,0,0,0,0,0,0
modules/http2/h2_io.h,0,0,73,0,0,0,0,0,0,0,0,0,0
modules/http2/h2_bucket_eos.c,0,0,73,0,0,0,0,0,0,0,0,0,0
server/mpm/event/fdqueue.h,0,0,72,0,0,0,0,0,0,0,0,0,0
modules/filters/regexp.h,0,0,72,0,0,0,0,0,0,0,0,0,0
os/bs2000/os.c,376,16,72,0,0,0,0,0,0,0,0,0,0
modules/http2/h2_bucket_eoc.c,0,0,72,0,0,0,0,0,0,0,0,0,0
modules/generators/config5.m4,29,14,72,0,0,0,0,0,0,0,0,0,0
include/ap_regex.h,39,3,71,0,0,0,0,0,0,0,0,0,0
server/eor_bucket.c,0,0,71,0,0,0,0,0,0,0,0,0,0
build/instdso.sh,143,13,71,1,0,0,0,0,1,0,0,0,0
include/apreq.h,0,0,69,0,0,0,0,0,0,0,0,0,0
support/passwd_common.h,0,0,69,0,0,0,0,0,0,0,0,0,0
include/mod_auth.h,0,0,69,0,0,0,0,0,0,0,0,0,0
modules/http2/h2_proxy_session.h,0,0,67,0,0,0,0,0,0,0,0,0,0
modules/proxy/config.m4,134,21,67,0,0,0,0,0,0,0,0,0,0
os/unix/unixd.h,280,39,67,2,0,0,0,0,1,1,0,0,0
build/build-modules-c.awk,52,7,67,1,1,0,0,0,0,0,0,0,0
support/list_hooks.pl,42,5,67,0,0,0,0,0,0,0,0,0,0
include/ap_regkey.h,86,7,66,0,0,0,0,0,0,0,0,0,0
build/win32/httpd.rc,0,0,66,0,0,0,0,0,0,0,0,0,0
build/aix/aixproto.ksh,0,0,66,0,0,0,0,0,0,0,0,0,0
modules/lua/lua_apr.c,0,0,65,0,0,0,0,0,0,0,0,0,0
modules/ssl/ssl_engine_mutex.c,685,34,65,2,0,0,0,0,0,2,0,0,0
modules/dav/lock/mod_dav_lock.c,69,6,64,0,0,0,0,0,0,0,0,0,0
build/fastgen.sh,301,22,64,0,0,0,0,0,0,0,0,0,0
modules/http2/h2_config.h,0,0,63,0,0,0,0,0,0,0,0,0,0
server/util_md5.c,347,29,62,0,0,0,0,0,0,0,0,0,0
modules/http2/h2_stream.h,0,0,62,0,0,0,0,0,0,0,0,0,0
server/mpm/simple/simple_event.c,0,0,62,0,0,0,0,0,0,0,0,0,0
modules/ssl/ssl_ct_util.h,0,0,62,0,0,0,0,0,0,0,0,0,0
test/test-writev.c,48,5,60,0,0,0,0,0,0,0,0,0,0
build/pkg/buildpkg.sh,11,2,60,0,0,0,0,0,0,0,0,0,0
modules/proxy/.indent.pro,3,1,58,0,0,0,0,0,0,0,0,0,0
include/ap_socache.h,0,0,57,0,0,0,0,0,0,0,0,0,0
modules/database/mod_dbd.h,36,2,57,0,0,0,0,0,0,0,0,0,0
support/win32/ApacheMonitor.h,282,13,56,0,0,0,0,0,0,0,0,0,0
modules/config7.m4,0,0,56,0,0,0,0,0,0,0,0,0,0
include/ap_listen.h,339,34,55,1,0,0,1,0,0,0,0,0,0
test/.indent.pro,0,0,54,0,0,0,0,0,0,0,0,0,0
modules/metadata/.indent.pro,0,0,54,0,0,0,0,0,0,0,0,0,0
modules/http/.indent.pro,0,0,54,0,0,0,0,0,0,0,0,0,0
modules/echo/.indent.pro,0,0,54,0,0,0,0,0,0,0,0,0,0
modules/cache/.indent.pro,0,0,54,0,0,0,0,0,0,0,0,0,0
include/.indent.pro,0,0,54,0,0,0,0,0,0,0,0,0,0
modules/experimental/.indent.pro,0,0,54,0,0,0,0,0,0,0,0,0,0
os/.indent.pro,0,0,54,0,0,0,0,0,0,0,0,0,0
modules/mappers/.indent.pro,0,0,54,0,0,0,0,0,0,0,0,0,0
support/.indent.pro,0,0,54,0,0,0,0,0,0,0,0,0,0
build/rpm/htcacheclean.init,0,0,54,0,0,0,0,0,0,0,0,0,0
modules/test/.indent.pro,0,0,54,0,0,0,0,0,0,0,0,0,0
modules/aaa/.indent.pro,0,0,54,0,0,0,0,0,0,0,0,0,0
modules/generators/.indent.pro,0,0,54,0,0,0,0,0,0,0,0,0,0
modules/filters/.indent.pro,0,0,54,0,0,0,0,0,0,0,0,0,0
server/.indent.pro,0,0,54,0,0,0,0,0,0,0,0,0,0
modules/loggers/.indent.pro,0,0,54,0,0,0,0,0,0,0,0,0,0
modules/cache/mod_cache_disk.h,0,0,53,0,0,0,0,0,0,0,0,0,0
modules/lua/lua_passwd.h,0,0,53,0,0,0,0,0,0,0,0,0,0
server/error_bucket.c,194,22,52,0,0,0,0,0,0,0,0,0,0
support/checkgid.c,73,7,52,0,0,0,0,0,0,0,0,0,0
server/apreq_error.c,0,0,51,0,0,0,0,0,0,0,0,0,0
build/make_var_export.awk,24,5,51,0,0,0,0,0,0,0,0,0,0
modules/session/config.m4,0,0,51,0,0,0,0,0,0,0,0,0,0
modules/aaa/config.m4,485,52,50,0,0,0,0,0,0,0,0,0,0
server/mpm/winnt/mpm_winnt.h,547,44,50,0,0,0,0,0,0,0,0,0,0
include/util_script.h,337,21,50,0,0,0,0,0,0,0,0,0,0
os/win32/os.h,520,47,50,1,0,0,0,0,0,1,0,0,0
modules/http2/h2_worker.h,0,0,49,0,0,0,0,0,0,0,0,0,0
modules/arch/netware/libprews.c,40,8,48,0,0,0,0,0,0,0,0,0,0
include/ap_slotmem.h,0,0,48,0,0,0,0,0,0,0,0,0,0
build/mkdep.perl,5,2,47,0,0,0,0,0,0,0,0,0,0
modules/http2/h2_filter.h,0,0,47,0,0,0,0,0,0,0,0,0,0
modules/apreq/apreq_private_apache2.h,0,0,47,0,0,0,0,0,0,0,0,0,0
modules/core/config.m4,0,0,45,0,0,0,0,0,0,0,0,0,0
modules/http2/h2_task.h,0,0,45,0,0,0,0,0,0,0,0,0,0
server/mpm/worker/fdqueue.h,216,25,44,0,0,0,0,0,0,0,0,0,0
modules/http2/h2_ngn_shed.h,0,0,44,0,0,0,0,0,0,0,0,0,0
modules/filters/mod_include.h,590,42,43,0,0,0,0,0,0,0,0,0,0
modules/ssl/config.m4,316,24,43,1,0,0,0,0,0,1,0,0,0
modules/http2/h2_push.h,0,0,43,0,0,0,0,0,0,0,0,0,0
modules/lua/lua_dbd.h,0,0,43,0,0,0,0,0,0,0,0,0,0
build/cpR_noreplace.pl,0,0,42,0,0,0,0,0,0,0,0,0,0
include/util_varbuf.h,0,0,41,0,0,0,0,0,0,0,0,0,0
modules/core/test/Makefile,0,0,41,0,0,0,0,0,0,0,0,0,0
modules/loggers/config.m4,23,8,41,0,0,0,0,0,0,0,0,0,0
support/check_forensic,53,3,39,0,0,0,0,0,0,0,0,0,0
modules/http2/h2_workers.h,0,0,39,0,0,0,0,0,0,0,0,0,0
build/nw_ver.awk,39,4,39,0,0,0,0,0,0,0,0,0,0
include/util_cookies.h,0,0,39,0,0,0,0,0,0,0,0,0,0
server/mpm/simple/simple_core.c,0,0,39,0,0,0,0,0,0,0,0,0,0
include/ap_hooks.h,0,0,38,0,0,0,0,0,0,0,0,0,0
server/apreq_module.c,0,0,38,0,0,0,0,0,0,0,0,0,0
test/test_find.c,40,9,38,0,0,0,0,0,0,0,0,0,0
modules/ssl/ssl_ct_sct.h,0,0,37,0,0,0,0,0,0,0,0,0,0
test/test_parser.c,40,9,36,0,0,0,0,0,0,0,0,0,0
modules/filters/sed.h,0,0,36,0,0,0,0,0,0,0,0,0,0
modules/ssl/mod_ssl.h,2170,155,35,4,0,0,0,0,0,4,0,0,0
modules/dav/fs/repos.h,237,24,35,0,0,0,0,0,0,0,0,0,0
include/apreq_error.h,0,0,35,0,0,0,0,0,0,0,0,0,0
include/ap_release.h,418,115,34,0,0,0,0,0,0,0,0,0,0
modules/dav/main/providers.c,137,16,34,0,0,0,0,0,0,0,0,0,0
modules/proxy/mod_serf.h,0,0,34,0,0,0,0,0,0,0,0,0,0
modules/ssl/ssl_ct_log_config.h,0,0,34,0,0,0,0,0,0,0,0,0,0
server/eoc_bucket.c,7,2,33,0,0,0,0,0,0,0,0,0,0
modules/lua/test/moonunit.lua,0,0,33,0,0,0,0,0,0,0,0,0,0
modules/filters/mod_xml2enc.h,0,0,32,0,0,0,0,0,0,0,0,0,0
modules/lua/lua_request.h,0,0,32,0,0,0,0,0,0,0,0,0,0
modules/lua/test/helpers.lua,0,0,32,0,0,0,0,0,0,0,0,0,0
modules/http2/mod_http2.h,0,0,31,0,0,0,0,0,0,0,0,0,0
include/mod_core.h,0,0,31,0,0,0,0,0,0,0,0,0,0
os/win32/modules.c,120,13,31,1,1,0,0,0,0,0,0,0,0
modules/http2/h2_conn_io.h,0,0,31,0,0,0,0,0,0,0,0,0,0
modules/test/mod_optional_fn_import.c,78,10,30,0,0,0,0,0,0,0,0,0,0
modules/cache/cache_disk_common.h,0,0,29,0,0,0,0,0,0,0,0,0,0
modules/arch/unix/config5.m4,0,0,29,0,0,0,0,0,0,0,0,0,0
include/ap_provider.h,110,10,29,0,0,0,0,0,0,0,0,0,0
modules/http2/h2_ctx.h,0,0,28,0,0,0,0,0,0,0,0,0,0
build/get-version.sh,20,3,28,0,0,0,0,0,0,0,0,0,0
server/mpm/simple/simple_event.h,0,0,28,0,0,0,0,0,0,0,0,0,0
modules/http2/h2_from_h1.h,0,0,28,0,0,0,0,0,0,0,0,0,0
modules/generators/mod_status.h,98,6,27,0,0,0,0,0,0,0,0,0,0
modules/cache/cache_common.h,0,0,27,0,0,0,0,0,0,0,0,0,0
include/http_connection.h,568,51,27,0,0,0,0,0,0,0,0,0,0
modules/filters/mod_ratelimit.h,0,0,26,0,0,0,0,0,0,0,0,0,0
modules/test/mod_optional_hook_import.c,92,12,25,0,0,0,0,0,0,0,0,0,0
modules/http2/h2_conn.h,0,0,25,0,0,0,0,0,0,0,0,0,0
modules/ssl/ssl_util_ssl.h,262,24,25,0,0,0,0,0,0,0,0,0,0
modules/loggers/mod_log_config.h,127,13,25,0,0,0,0,0,0,0,0,0,0
include/util_time.h,112,14,25,0,0,0,0,0,0,0,0,0,0
include/http_main.h,266,28,25,0,0,0,0,0,0,0,0,0,0
modules/http2/h2_request.h,0,0,25,0,0,0,0,0,0,0,0,0,0
include/util_cfgtree.h,151,13,25,0,0,0,0,0,0,0,0,0,0
support/suexec.h,188,13,25,3,0,0,1,1,0,1,0,0,0
server/mpm/netware/mpm_default.h,185,15,24,0,0,0,0,0,0,0,0,0,0
os/config.m4,50,10,24,0,0,0,0,0,0,0,0,0,0
modules/test/mod_optional_hook_export.c,87,12,24,0,0,0,0,0,0,0,0,0,0
server/util_cfgtree.c,94,11,24,0,0,0,0,0,0,0,0,0,0
modules/test/mod_optional_fn_export.c,76,9,24,0,0,0,0,0,0,0,0,0,0
include/mod_request.h,0,0,23,0,0,0,0,0,0,0,0,0,0
modules/aaa/mod_authz_dbd.h,0,0,23,0,0,0,0,0,0,0,0,0,0
include/http_vhost.h,261,19,23,0,0,0,0,0,0,0,0,0,0
build/mkdir.sh,41,5,23,0,0,0,0,0,0,0,0,0,0
os/netware/pre_nw.h,55,8,23,0,0,0,0,0,0,0,0,0,0
modules/lua/test/htdocs/hooks.lua,0,0,23,0,0,0,0,0,0,0,0,0,0
modules/generators/mod_cgi.h,129,17,22,0,0,0,0,0,0,0,0,0,0
support/SHA1/convert-sha1.pl,0,0,22,0,0,0,0,0,0,0,0,0,0
test/check_chunked,22,3,22,0,0,0,0,0,0,0,0,0,0
modules/apreq/apreq_module_apache2.h,0,0,22,0,0,0,0,0,0,0,0,0,0
include/util_ebcdic.h,183,19,22,1,0,0,0,1,0,0,0,0,0
include/heartbeat.h,0,0,21,0,0,0,0,0,0,0,0,0,0
modules/http2/h2_task_output.h,0,0,21,0,0,0,0,0,0,0,0,0,0
os/os2/util_os2.c,514,22,21,0,0,0,0,0,0,0,0,0,0
modules/cache/cache_storage.h,0,0,20,0,0,0,0,0,0,0,0,0,0
modules/http2/h2_int_queue.h,0,0,20,0,0,0,0,0,0,0,0,0,0
modules/http2/h2_task_input.h,0,0,20,0,0,0,0,0,0,0,0,0,0
modules/cache/cache_socache_common.h,0,0,19,0,0,0,0,0,0,0,0,0,0
modules/ldap/config.m4,0,0,19,0,0,0,0,0,0,0,0,0,0
test/test_select.c,22,4,19,0,0,0,0,0,0,0,0,0,0
modules/http2/h2_task_queue.h,0,0,18,0,0,0,0,0,0,0,0,0,0
modules/lua/test/htdocs/config_tests.lua,0,0,17,0,0,0,0,0,0,0,0,0,0
modules/ssl/mod_ssl_openssl.h,0,0,17,0,0,0,0,0,0,0,0,0,0
modules/metadata/config.m4,45,7,16,0,0,0,0,0,0,0,0,0,0
modules/dav/fs/config6.m4,36,7,16,0,0,0,0,0,0,0,0,0,0
modules/http2/h2_response.h,0,0,16,0,0,0,0,0,0,0,0,0,0
server/mpm/event/config.m4,0,0,15,0,0,0,0,0,0,0,0,0,0
server/mpm/worker/mpm_default.h,134,12,15,0,0,0,0,0,0,0,0,0,0
server/mpm/event/mpm_default.h,0,0,15,0,0,0,0,0,0,0,0,0,0
modules/lua/lua_apr.h,0,0,15,0,0,0,0,0,0,0,0,0,0
include/util_charset.h,196,15,15,0,0,0,0,0,0,0,0,0,0
server/mpm/mpmt_os2/mpm_default.h,102,10,15,0,0,0,0,0,0,0,0,0,0
include/util_md5.h,248,19,14,0,0,0,0,0,0,0,0,0,0
include/ap_mmn.h,671,90,14,3,1,0,1,1,0,0,0,0,1
modules/http2/h2_io_set.h,0,0,14,0,0,0,0,0,0,0,0,0,0
server/mpm/simple/config.m4,0,0,13,0,0,0,0,0,0,0,0,0,0
server/mpm/winnt/mpm_default.h,282,18,13,0,0,0,0,0,0,0,0,0,0
os/netware/os.h,106,12,13,0,0,0,0,0,0,0,0,0,0
os/unix/os.h,383,20,13,0,0,0,0,0,0,0,0,0,0
modules/cluster/config5.m4,0,0,12,0,0,0,0,0,0,0,0,0,0
modules/http2/h2_h2.h,0,0,12,0,0,0,0,0,0,0,0,0,0
server/mpm/prefork/mpm_default.h,238,14,12,0,0,0,0,0,0,0,0,0,0
include/util_xml.h,560,15,12,0,0,0,0,0,0,0,0,0,0
modules/mappers/config9.m4,154,21,12,2,0,0,0,0,1,1,0,0,0
os/os2/core_header.def,38,5,12,0,0,0,0,0,0,0,0,0,0
server/buildmark.c,141,10,11,0,0,0,0,0,0,0,0,0,0
build/sysv_makefile,75,9,11,0,0,0,0,0,0,0,0,0,0
server/mpm/motorz/config.m4,0,0,11,0,0,0,0,0,0,0,0,0,0
server/mpm/worker/config.m4,0,0,11,0,0,0,0,0,0,0,0,0,0
modules/dav/lock/config6.m4,8,1,11,0,0,0,0,0,0,0,0,0,0
modules/proxy/proxy_util.h,0,0,11,0,0,0,0,0,0,0,0,0,0
modules/arch/unix/mod_unixd.h,0,0,11,0,0,0,0,0,0,0,0,0,0
modules/http2/h2_alt_svc.h,0,0,11,0,0,0,0,0,0,0,0,0,0
modules/proxy/mod_proxy_fdpass.h,0,0,11,0,0,0,0,0,0,0,0,0,0
build/bsd_makefile,77,10,11,0,0,0,0,0,0,0,0,0,0
server/mpm/winnt/config.m4,0,0,10,0,0,0,0,0,0,0,0,0,0
modules/http2/h2_version.h,0,0,10,0,0,0,0,0,0,0,0,0,0
modules/http2/h2_bucket_eoc.h,0,0,10,0,0,0,0,0,0,0,0,0,0
build/config-stubs,43,4,10,0,0,0,0,0,0,0,0,0,0
server/mpm/event/config3.m4,0,0,10,0,0,0,0,0,0,0,0,0,0
server/mpm/mpmt_os2/config.m4,0,0,10,0,0,0,0,0,0,0,0,0,0
modules/dav/main/config5.m4,4,2,10,0,0,0,0,0,0,0,0,0,0
modules/http/config.m4,9,4,10,0,0,0,0,0,0,0,0,0,0
modules/lua/lua_config.h,0,0,10,0,0,0,0,0,0,0,0,0,0
modules/http2/h2_bucket_eos.h,0,0,9,0,0,0,0,0,0,0,0,0,0
modules/test/config.m4,2,2,9,0,0,0,0,0,0,0,0,0,0
modules/mappers/mod_rewrite.h,1058,49,9,3,0,0,0,0,0,3,0,0,0
os/os2/os.h,230,21,8,0,0,0,0,0,0,0,0,0,0
server/util_charset.c,156,15,8,0,0,0,0,0,0,0,0,0,0
modules/core/mod_so.h,0,0,7,0,0,0,0,0,0,0,0,0,0
server/mpm/prefork/config.m4,14,5,7,0,0,0,0,0,0,0,0,0,0
modules/http2/h2_private.h,0,0,7,0,0,0,0,0,0,0,0,0,0
server/mpm/simple/simple_run.h,0,0,7,0,0,0,0,0,0,0,0,0,0
modules/proxy/balancers/config2.m4,0,0,6,0,0,0,0,0,0,0,0,0,0
server/mpm/motorz/config3.m4,0,0,6,0,0,0,0,0,0,0,0,0,0
server/mpm/simple/simple_io.h,0,0,6,0,0,0,0,0,0,0,0,0,0
support/SHA1/htpasswd-sha1.pl,0,0,6,0,0,0,0,0,0,0,0,0,0
server/mpm/simple/simple_children.h,0,0,6,0,0,0,0,0,0,0,0,0,0
server/mpm/motorz/mpm_default.h,0,0,6,0,0,0,0,0,0,0,0,0,0
server/config.m4,64,6,6,0,0,0,0,0,0,0,0,0,0
modules/lua/test/htdocs/headers.lua,0,0,6,0,0,0,0,0,0,0,0,0,0
modules/examples/config.m4,0,0,6,0,0,0,0,0,0,0,0,0,0
os/win32/win32_config_layout.h,0,0,6,0,0,0,0,0,0,0,0,0,0
os/netware/netware_config_layout.h,0,0,6,0,0,0,0,0,0,0,0,0,0
os/bs2000/os.h,205,17,6,0,0,0,0,0,0,0,0,0,0
os/bs2000/ebcdic.h,145,10,6,0,0,0,0,0,0,0,0,0,0
server/mpm/simple/config3.m4,0,0,5,0,0,0,0,0,0,0,0,0,0
modules/http2/h2_switch.h,0,0,5,0,0,0,0,0,0,0,0,0,0
modules/lua/test/htdocs/other.lua,0,0,5,0,0,0,0,0,0,0,0,0,0
server/mpm/mpmt_os2/config5.m4,0,0,5,0,0,0,0,0,0,0,0,0,0
include/ap_compat.h,39,9,5,0,0,0,0,0,0,0,0,0,0
modules/test/mod_optional_hook_export.h,84,10,5,0,0,0,0,0,0,0,0,0,0
modules/aaa/mod_authz_owner.h,0,0,5,0,0,0,0,0,0,0,0,0,0
server/mpm/worker/config3.m4,0,0,5,0,0,0,0,0,0,0,0,0,0
os/unix/config.m4,20,6,5,0,0,0,0,0,0,0,0,0,0
modules/generators/mod_suexec.h,89,9,5,0,0,0,0,0,0,0,0,0,0
modules/debugging/config.m4,0,0,5,0,0,0,0,0,0,0,0,0,0
modules/lua/test/lib/kangaroo.lua,0,0,4,0,0,0,0,0,0,0,0,0,0
modules/proxy/scgi.h,0,0,4,0,0,0,0,0,0,0,0,0,0
modules/lua/test/htdocs/filters.lua,0,0,4,0,0,0,0,0,0,0,0,0,0
modules/dav/lock/locks.h,80,6,4,0,0,0,0,0,0,0,0,0,0
server/mpm/winnt/config3.m4,0,0,4,0,0,0,0,0,0,0,0,0,0
modules/slotmem/config.m4,0,0,4,0,0,0,0,0,0,0,0,0,0
modules/database/config.m4,0,0,4,0,0,0,0,0,0,0,0,0,0
modules/lua/test/htdocs/simple.lua,0,0,4,0,0,0,0,0,0,0,0,0,0
server/mpm/prefork/config3.m4,0,0,3,0,0,0,0,0,0,0,0,0,0
modules/echo/config.m4,17,5,3,0,0,0,0,0,0,0,0,0,0
modules/http2/mod_proxy_http2.h,0,0,3,0,0,0,0,0,0,0,0,0,0
modules/apreq/config.m4,0,0,3,0,0,0,0,0,0,0,0,0,0
modules/arch/win32/config.m4,2,1,3,0,0,0,0,0,0,0,0,0,0
os/os2/config.m4,3,2,3,0,0,0,0,0,0,0,0,0,0
modules/experimental/config.m4,201,28,2,0,0,0,0,0,0,0,0,0,0
modules/test/mod_optional_fn_export.h,22,4,2,0,0,0,0,0,0,0,0,0,0
modules/metadata/mod_version.exp,0,0,1,0,0,0,0,0,0,0,0,0,0
modules/metadata/mod_ident.exp,0,0,1,0,0,0,0,0,0,0,0,0,0
modules/metadata/mod_setenvif.exp,0,0,1,0,0,0,0,0,0,0,0,0,0
modules/generators/mod_cgi.exp,0,0,1,0,0,0,0,0,0,0,0,0,0
modules/mappers/mod_imagemap.exp,0,0,1,0,0,0,0,0,0,0,0,0,0
modules/filters/mod_include.exp,2,1,1,0,0,0,0,0,0,0,0,0,0
modules/generators/mod_cgid.exp,0,0,1,0,0,0,0,0,0,0,0,0,0
modules/filters/mod_deflate.exp,0,0,1,0,0,0,0,0,0,0,0,0,0
modules/generators/mod_status.exp,0,0,1,0,0,0,0,0,0,0,0,0,0
modules/loggers/mod_log_config.exp,2,1,1,0,0,0,0,0,0,0,0,0,0
modules/metadata/mod_env.exp,0,0,1,0,0,0,0,0,0,0,0,0,0
modules/mappers/mod_alias.exp,0,0,1,0,0,0,0,0,0,0,0,0,0
modules/filters/mod_charset_lite.exp,0,0,1,0,0,0,0,0,0,0,0,0,0
modules/loggers/mod_log_forensic.exp,0,0,1,0,0,0,0,0,0,0,0,0,0
modules/filters/mod_ext_filter.exp,0,0,1,0,0,0,0,0,0,0,0,0,0
modules/generators/mod_info.exp,0,0,1,0,0,0,0,0,0,0,0,0,0
modules/metadata/mod_unique_id.exp,0,0,1,0,0,0,0,0,0,0,0,0,0
modules/mappers/mod_speling.exp,0,0,1,0,0,0,0,0,0,0,0,0,0
modules/mappers/mod_negotiation.exp,0,0,1,0,0,0,0,0,0,0,0,0,0
modules/cache/mod_file_cache.exp,0,0,1,0,0,0,0,0,0,0,0,0,0
modules/mappers/mod_rewrite.exp,0,0,1,0,0,0,0,0,0,0,0,0,0
modules/generators/mod_autoindex.exp,0,0,1,0,0,0,0,0,0,0,0,0,0
modules/proxy/libproxy.exp,0,0,1,0,0,0,0,0,0,0,0,0,0
modules/metadata/mod_cern_meta.exp,0,0,1,0,0,0,0,0,0,0,0,0,0
modules/metadata/mod_usertrack.exp,0,0,1,0,0,0,0,0,0,0,0,0,0
modules/mappers/mod_actions.exp,2,1,1,0,0,0,0,0,0,0,0,0,0
modules/mappers/mod_userdir.exp,0,0,1,0,0,0,0,0,0,0,0,0,0
modules/mappers/mod_vhost_alias.exp,0,0,1,0,0,0,0,0,0,0,0,0,0
modules/metadata/mod_headers.exp,0,0,1,0,0,0,0,0,0,0,0,0,0
modules/metadata/mod_mime_magic.exp,0,0,1,0,0,0,0,0,0,0,0,0,0
modules/http/mod_mime.exp,0,0,1,0,0,0,0,0,0,0,0,0,0
modules/mappers/mod_dir.exp,0,0,1,0,0,0,0,0,0,0,0,0,0
modules/metadata/mod_expires.exp,0,0,1,0,0,0,0,0,0,0,0,0,0
modules/generators/mod_asis.exp,0,0,1,0,0,0,0,0,0,0,0,0,0
Apache.dsp,337,27,0,2,0,1,0,0,0,1,0,0,0
ApacheCore.dsp,1257,40,0,2,0,1,0,0,0,1,0,0,0
httpd.dsp,1345,44,0,2,0,1,0,0,0,1,0,0,0
modules/aaa/mod_auth_anon.dsp,231,17,0,2,0,1,0,0,0,1,0,0,0
modules/generators/mod_info.dsp,300,25,0,2,0,1,0,0,0,1,0,0,0
modules/generators/mod_status.dsp,319,26,0,2,0,1,0,0,0,1,0,0,0
modules/mappers/mod_rewrite.dsp,327,28,0,2,0,1,0,0,0,1,0,0,0
modules/mappers/mod_speling.dsp,307,24,0,2,0,1,0,0,0,1,0,0,0
modules/metadata/mod_cern_meta.dsp,307,24,0,2,0,1,0,0,0,1,0,0,0
modules/metadata/mod_expires.dsp,307,24,0,2,0,1,0,0,0,1,0,0,0
modules/metadata/mod_headers.dsp,317,25,0,2,0,1,0,0,0,1,0,0,0
modules/metadata/mod_usertrack.dsp,311,24,0,2,0,1,0,0,0,1,0,0,0
modules/proxy/mod_proxy.dsp,317,26,0,2,0,1,0,0,0,1,0,0,0
configure.in,1799,262,0,13,3,0,2,2,0,6,0,0,1
support/apachectl.in,377,25,0,2,0,0,0,1,0,1,0,0,0
srclib/pcre/config.guess,1241,2,0,2,0,0,0,0,0,2,0,0,0
srclib/pcre/config.sub,601,2,0,2,0,0,0,0,0,2,0,0,0
Makefile.in,1153,159,0,10,3,0,1,1,0,5,0,0,0
modules/ssl/ssl_expr_parse.c,7306,12,0,1,0,0,0,0,0,1,0,0,0
modules/ssl/ssl_expr_scan.c,2752,24,0,1,0,0,0,0,0,1,0,0,0
os/beos/os.h,210,16,0,1,0,0,0,0,0,1,0,0,0
support/apxs.in,1050,65,0,8,2,0,0,1,2,3,0,0,0
config.layout,543,21,0,2,1,0,0,1,0,0,0,0,0
modules/http/config2.m4,16,3,0,1,0,0,0,0,0,1,0,0,0
server/mpm/winnt/registry.c,966,28,0,1,0,0,0,0,0,1,0,0,0
build/install-bindist.sh.in,76,14,0,3,1,0,0,0,2,0,0,0,0
build/rules.mk.in,133,23,0,1,1,0,0,0,0,0,0,0,0
build/special.mk,218,26,0,1,1,0,0,0,0,0,0,0,0
support/Makefile.in,176,41,0,2,1,0,0,0,0,1,0,0,0
server/mpm/experimental/perchild/mpm.h,119,24,0,1,0,0,0,0,0,1,0,0,1
server/mpm/experimental/perchild/perchild.c,4415,148,0,2,0,0,1,0,0,1,0,0,0
modules/experimental/mod_ext_filter.c,406,36,0,4,0,0,2,0,0,2,0,0,0
modules/experimental/mod_cache.c,3765,95,0,7,1,0,4,0,0,2,0,0,0
modules/experimental/mod_case_filter.c,281,22,0,1,0,0,1,0,0,0,0,0,0
modules/experimental/mod_case_filter_in.c,307,24,0,1,0,0,1,0,0,0,0,0,0
modules/experimental/mod_charset_lite.c,2484,72,0,1,0,0,1,0,0,0,0,0,0
modules/proxy/proxy_ftp.c,10359,148,0,5,0,0,3,0,0,2,0,0,2
modules/test/mod_bucketeer.c,233,19,0,1,0,0,1,0,0,0,0,0,0
support/win32/ApacheMonitor.dsp,1010,28,0,1,0,0,0,0,0,1,0,0,0
modules/experimental/mod_auth_ldap.c,423,27,0,13,0,2,2,1,3,5,0,0,0
modules/experimental/util_ldap.c,1821,36,0,13,0,2,2,0,4,5,0,0,0
modules/experimental/util_ldap_cache.h,237,15,0,2,0,0,0,0,1,1,0,0,0
modules/experimental/util_ldap_cache.c,452,19,0,4,0,0,0,0,3,1,0,0,0
modules/ssl/ssl_expr_parse.h,320,9,0,1,0,0,0,1,0,0,0,0,0
modules/ssl/ssl_scache_dbm.c,631,34,0,2,0,1,0,0,0,1,0,0,0
modules/ssl/ssl_util_table.c,551,8,0,1,0,0,0,0,0,1,0,0,0
modules/ssl/ssl_toolkit_compat.h,443,46,0,3,0,1,0,0,1,1,0,0,0
server/mpm/worker/pod.c,210,15,0,1,0,0,0,0,1,0,0,0,0
server/mpm/experimental/threadpool/threadpool.c,525,31,0,1,0,0,0,1,0,0,0,0,0
modules/experimental/cache_storage.c,730,39,0,1,0,0,0,0,0,1,0,0,0
modules/experimental/cache_util.c,1232,35,0,2,1,0,0,0,0,1,0,0,1
modules/experimental/mod_cache.h,752,51,0,2,1,0,0,0,0,1,0,0,1
modules/experimental/mod_disk_cache.c,3037,68,0,4,1,0,2,0,0,1,0,0,1
modules/experimental/mod_mem_cache.c,3207,118,0,8,1,0,0,0,0,7,0,0,1
modules/proxy/proxy_http.c,7262,207,0,13,0,0,3,1,1,8,0,0,0
modules/experimental/util_ldap_cache_mgr.c,641,19,0,3,0,0,0,0,3,0,0,0,0
Makefile.win,3357,158,0,1,0,0,1,0,0,0,0,0,0
modules/filters/mod_deflate.dsp,308,11,0,1,0,0,1,0,0,0,0,0,0
server/Makefile.in,497,99,0,2,0,0,0,0,0,2,0,0,0
modules/ssl/ssl_scache_shmcb.c,1169,34,0,4,0,1,0,0,2,1,0,0,0
modules/experimental/NWGNUauthldap,24,11,0,9,0,2,2,0,3,2,0,0,0
modules/experimental/NWGNUutilldap,23,8,0,9,0,2,2,0,3,2,0,0,0
libhttpd.dsp,2037,66,0,1,1,0,0,0,0,0,0,0,0
modules/mappers/mod_so.c,775,56,0,1,1,0,0,0,0,0,0,0,0
README.platforms,99,9,0,1,0,0,0,1,0,0,0,0,0
modules/ldap/NWGNUmakefile,45,6,0,1,0,0,1,0,0,0,0,0,0
modules/aaa/NWGNUauthnzldap,15,3,0,1,1,0,0,0,0,0,0,0,0
modules/experimental/mod_example.c,1457,48,0,1,0,0,0,0,1,0,0,0,0
modules/proxy/proxy_ajp.c,1343,31,0,2,0,0,0,0,0,2,0,0,0
srclib/Makefile.in,38,16,0,1,0,0,1,0,0,0,0,0,0
modules/cache/mod_disk_cache.c,1056,32,0,1,1,0,0,0,0,0,0,0,0
build/config_vars.sh.in,21,3,0,1,0,0,0,0,0,1,0,0,0
server/mpm/experimental/event/event.c,664,14,0,1,0,0,1,0,0,0,0,0,1
KEYS,352,11,0,0,0,0,0,0,0,0,0,0,0
modules/aaa/mod_auth_anon.c,543,26,0,0,0,0,0,0,0,0,0,0,0
modules/aaa/mod_auth_anon.exp,2,1,0,0,0,0,0,0,0,0,0,0,0
modules/aaa/mod_auth_db.c,388,26,0,0,0,0,0,0,0,0,0,0,0
modules/aaa/mod_auth_dbm.c,597,39,0,0,0,0,0,0,0,0,0,0,0
modules/aaa/mod_auth_dbm.exp,2,1,0,0,0,0,0,0,0,0,0,0,0
server/mpm/mpmt_beos/mpmt_beos.c,1021,51,0,0,0,0,0,0,0,0,0,0,0
modules/aaa/mod_auth_db.module,9,2,0,0,0,0,0,0,0,0,0,0,0
build/build.mk,286,14,0,0,0,0,0,0,0,0,0,0,0
Announcement,2587,16,0,0,0,0,0,0,0,0,0,0,0
build/rules.mk,676,56,0,0,0,0,0,0,0,0,0,0,0
build/ltlib.mk,150,13,0,0,0,0,0,0,0,0,0,0,0
modules/Makefile.in,14,5,0,0,0,0,0,0,0,0,0,0,0
modules/aaa/Makefile.in,9,2,0,0,0,0,0,0,0,0,0,0,0
os/Makefile.in,17,6,0,0,0,0,0,0,0,0,0,0,0
os/beos/Makefile.in,13,4,0,0,0,0,0,0,0,0,0,0,0
os/os2/Makefile.in,15,5,0,0,0,0,0,0,0,0,0,0,0
os/unix/Makefile.in,19,7,0,0,0,0,0,0,0,0,0,0,0
server/mpm/Makefile.in,13,4,0,0,0,0,0,0,0,0,0,0,0
server/mpm/dexter/Makefile.in,11,3,0,0,0,0,0,0,0,0,0,0,0
server/mpm/mpmt_beos/Makefile.in,13,4,0,0,0,0,0,0,0,0,0,0,0
server/mpm/mpmt_pthread/Makefile.in,11,3,0,0,0,0,0,0,0,0,0,0,0
server/mpm/prefork/Makefile.in,9,2,0,0,0,0,0,0,0,0,0,0,0
server/mpm/spmt_os2/Makefile.in,9,2,0,0,0,0,0,0,0,0,0,0,0
build/build2.mk,208,25,0,0,0,0,0,0,0,0,0,0,0
server/mpm/mpmt_pthread/scoreboard.c,442,29,0,0,0,0,0,0,0,0,0,0,0
server/mpm/spmt_os2/.cvsignore,4,1,0,0,0,0,0,0,0,0,0,0,0
os/os2/.cvsignore,4,1,0,0,0,0,0,0,0,0,0,0,0
support/htdigest.dsp,224,25,0,0,0,0,0,0,0,0,0,0,0
support/htpasswd.dsp,248,25,0,0,0,0,0,0,0,0,0,0,0
support/rotatelogs.dsp,198,24,0,0,0,0,0,0,0,0,0,0,0
os/beos/beosd.c,419,20,0,0,0,0,0,0,0,0,0,0,0
LICENSE,930,11,0,0,0,0,0,0,0,0,0,0,0
server/mpm/dexter/dexter.c,1571,84,0,0,0,0,0,0,0,0,0,0,0
server/mpm/mpmt_pthread/mpmt_pthread.c,1486,94,0,0,0,0,0,0,0,0,0,0,0
server/mpm/spmt_os2/spmt_os2.c,1637,84,0,0,0,0,0,0,0,0,0,0,0
ApacheCore.def,1122,34,0,0,0,0,0,0,0,0,0,0,0
libhttpd.def,1135,39,0,0,0,0,0,0,0,0,0,0,0
server/mpm/prefork/scoreboard.h,114,9,0,0,0,0,0,0,0,0,0,0,0
server/mpm/mpmt_pthread/scoreboard.h,161,16,0,0,0,0,0,0,0,0,0,0,0
build/library.mk,156,12,0,0,0,0,0,0,0,0,0,0,0
include/.cvsignore,16,5,0,0,0,0,0,0,0,0,0,0,0
build/program.mk,139,9,0,0,0,0,0,0,0,0,0,0,0
include/http_conf_globals.h,69,2,0,0,0,0,0,0,0,0,0,0,0
include/mpm_status.h,150,5,0,0,0,0,0,0,0,0,0,0,0
include/rfc1413.h,87,6,0,0,0,0,0,0,0,0,0,0,0
include/util_date.h,112,7,0,0,0,0,0,0,0,0,0,0,0
include/util_uri.h,281,12,0,0,0,0,0,0,0,0,0,0,0
server/gen_uri_delims.c,62,3,0,0,0,0,0,0,0,0,0,0,0
server/rfc1413.c,501,35,0,0,0,0,0,0,0,0,0,0,0
server/util_date.c,136,8,0,0,0,0,0,0,0,0,0,0,0
server/util_uri.c,479,20,0,0,0,0,0,0,0,0,0,0,0
modules/aaa/mod_access.c,413,31,0,0,0,0,0,0,0,0,0,0,0
modules/aaa/mod_auth.c,497,27,0,0,0,0,0,0,0,0,0,0,0
modules/mappers/mod_imap.c,378,37,0,0,0,0,0,0,0,0,0,0,0
modules/proxy/proxy_connect.c,1661,70,0,0,0,0,0,0,0,0,0,0,0
modules/test/mod_rndchunk.c,74,5,0,0,0,0,0,0,0,0,0,0,0
modules/test/mod_test_util_uri.c,106,11,0,0,0,0,0,0,0,0,0,0,0
server/mpm/dexter/mpm_default.h,123,4,0,0,0,0,0,0,0,0,0,0,0
server/mpm/dexter/scoreboard.c,596,13,0,0,0,0,0,0,0,0,0,0,0
server/mpm/dexter/scoreboard.h,133,7,0,0,0,0,0,0,0,0,0,0,0
server/mpm/mpmt_beos/mpm_default.h,111,1,0,0,0,0,0,0,0,0,0,0,0
server/mpm/mpmt_beos/mpmt_beos.h,111,1,0,0,0,0,0,0,0,0,0,0,0
server/mpm/mpmt_beos/scoreboard.c,121,6,0,0,0,0,0,0,0,0,0,0,0
server/mpm/mpmt_beos/scoreboard.h,79,4,0,0,0,0,0,0,0,0,0,0,0
server/mpm/mpmt_pthread/mpm_default.h,120,4,0,0,0,0,0,0,0,0,0,0,0
server/mpm/spmt_os2/mpm_default.h,144,4,0,0,0,0,0,0,0,0,0,0,0
server/mpm/spmt_os2/scoreboard.h,92,8,0,0,0,0,0,0,0,0,0,0,0
os/beos/beosd.h,198,16,0,0,0,0,0,0,0,0,0,0,0
os/beos/os.c,214,16,0,0,0,0,0,0,0,0,0,0,0
os/bs2000/bs2login.c,115,10,0,0,0,0,0,0,0,0,0,0,0
os/bs2000/os-inline.c,82,3,0,0,0,0,0,0,0,0,0,0,0
os/os2/os-inline.c,101,4,0,0,0,0,0,0,0,0,0,0,0
os/tpf/ebcdic.c,160,13,0,0,0,0,0,0,0,0,0,0,0
os/tpf/ebcdic.h,146,10,0,0,0,0,0,0,0,0,0,0,0
os/tpf/os-inline.c,82,3,0,0,0,0,0,0,0,0,0,0,0
os/tpf/os.c,442,22,0,0,0,0,0,0,0,0,0,0,0
os/tpf/os.h,203,16,0,0,0,0,0,0,0,0,0,0,0
os/unix/os-inline.c,87,4,0,0,0,0,0,0,0,0,0,0,0
os/win32/mod_isapi.c,3980,35,0,0,0,0,0,0,0,0,0,0,0
support/dbmmanage,519,11,0,0,0,0,0,0,0,0,0,0,0
support/log_server_status,74,4,0,0,0,0,0,0,0,0,0,0,0
support/logresolve.pl,71,3,0,0,0,0,0,0,0,0,0,0,0
support/phf_abuse_log.cgi,9,1,0,0,0,0,0,0,0,0,0,0,0
support/split-logfile,69,2,0,0,0,0,0,0,0,0,0,0,0
srclib/expat-lite/xmlparse.h,4,2,0,0,0,0,0,0,0,0,0,0,0
server/gen_test_char.dsp,137,16,0,0,0,0,0,0,0,0,0,0,0
server/gen_uri_delims.dsp,119,11,0,0,0,0,0,0,0,0,0,0,0
Apache.dsw,4418,116,0,0,0,0,0,0,0,0,0,0,0
os/win32/BaseAddr.ref,243,33,0,0,0,0,0,0,0,0,0,0,0
InstallBin.dsp,139,22,0,0,0,0,0,0,0,0,0,0,0
modules/aaa/mod_auth_digest.dsp,307,26,0,0,0,0,0,0,0,0,0,0,0
support/logresolve.dsp,205,23,0,0,0,0,0,0,0,0,0,0,0
support/.cvsignore,38,17,0,0,0,0,0,0,0,0,0,0,0
server/mpm/dexter/.cvsignore,2,1,0,0,0,0,0,0,0,0,0,0,0
support/ab.dsp,212,25,0,0,0,0,0,0,0,0,0,0,0
modules/proxy/.cvsignore,24,11,0,0,0,0,0,0,0,0,0,0,0
os/win32/.cvsignore,47,6,0,0,0,0,0,0,0,0,0,0,0
server/.cvsignore,34,14,0,0,0,0,0,0,0,0,0,0,0
srclib/pcre/.cvsignore,24,9,0,0,0,0,0,0,0,0,0,0,0
srclib/pcre/dftables.dsp,131,15,0,0,0,0,0,0,0,0,0,0,0
srclib/pcre/pcre.dsp,128,16,0,0,0,0,0,0,0,0,0,0,0
srclib/pcre/pcreposix.dsp,148,17,0,0,0,0,0,0,0,0,0,0,0
modules/experimental/README,38,3,0,0,0,0,0,0,0,0,0,0,0
srclib/pcre/Makefile.in,695,15,0,0,0,0,0,0,0,0,0,0,0
srclib/pcre/configure.in,202,6,0,0,0,0,0,0,0,0,0,0,0
modules/cache/mod_file_cache.dsp,249,21,0,0,0,0,0,0,0,0,0,0,0
support/httpd.exp,1185,38,0,0,0,0,0,0,0,0,0,0,0
build/cvstodsp5.pl,40,3,0,0,0,0,0,0,0,0,0,0,0
build/dsp5tocvs.pl,48,5,0,0,0,0,0,0,0,0,0,0,0
server/mpm/dexter/mpm.h,9,4,0,0,0,0,0,0,0,0,0,0,0
server/mpm/mpmt_pthread/mpm.h,15,9,0,0,0,0,0,0,0,0,0,0,0
server/mpm/prefork/mpm.h,122,28,0,0,0,0,0,0,0,0,0,0,1
server/mpm/mpmt_beos/poll.c,1,1,0,0,0,0,0,0,0,0,0,0,0
server/mpm/dexter/config.m4,6,3,0,0,0,0,0,0,0,0,0,0,0
server/mpm/mpmt_pthread/config.m4,14,7,0,0,0,0,0,0,0,0,0,0,0
server/mpm/beos/beos.c,2801,114,0,0,0,0,0,0,0,0,0,0,0
server/mpm/beos/scoreboard.c,48,4,0,0,0,0,0,0,0,0,0,0,0
modules/dav/main/config.m4,55,13,0,0,0,0,0,0,0,0,0,0,0
srclib/expat-lite/CHANGES,48,1,0,0,0,0,0,0,0,0,0,0,0
srclib/expat-lite/hashtable.c,2,1,0,0,0,0,0,0,0,0,0,0,0
srclib/expat-lite/hashtable.h,2,1,0,0,0,0,0,0,0,0,0,0,0
srclib/expat-lite/xmldef.h,16,2,0,0,0,0,0,0,0,0,0,0,0
srclib/expat-lite/xmlparse.c,41,1,0,0,0,0,0,0,0,0,0,0,0
srclib/expat-lite/xmltok.c,6,1,0,0,0,0,0,0,0,0,0,0,0
srclib/expat-lite/xmltok_impl.c,26,1,0,0,0,0,0,0,0,0,0,0,0
srclib/expat-lite/Makefile.in,36,1,0,0,0,0,0,0,0,0,0,0,0
srclib/expat-lite/.cvsignore,31,6,0,0,0,0,0,0,0,0,0,0,0
modules/dav/fs/config.m4,70,8,0,0,0,0,0,0,0,0,0,0,0
modules/dav/fs/Makefile.in,10,2,0,0,0,0,0,0,0,0,0,0,0
modules/experimental/.cvsignore,26,8,0,0,0,0,0,0,0,0,0,0,0
modules/dav/main/Makefile.in,9,1,0,0,0,0,0,0,0,0,0,0,0
server/mpm/beos/mpm.h,127,19,0,0,0,0,0,0,0,0,0,0,1
server/mpm/mpmt_beos/mpm.h,6,2,0,0,0,0,0,0,0,0,0,0,0
server/mpm/spmt_os2/mpm.h,25,10,0,0,0,0,0,0,0,0,0,0,0
server/mpm/winnt/mpm.h,124,19,0,0,0,0,0,0,0,0,0,0,0
server/mpm/perchild/perchild.c,3770,121,0,0,0,0,0,0,0,0,0,0,0
server/mpm/experimental/perchild/mpm_default.h,178,16,0,0,0,0,0,0,0,0,0,0,0
server/mpm/perchild/mpm_default.h,97,10,0,0,0,0,0,0,0,0,0,0,0
server/mpm/perchild/mpm.h,34,15,0,0,0,0,0,0,0,0,0,0,0
server/mpm/perchild/scoreboard.c,81,5,0,0,0,0,0,0,0,0,0,0,0
server/mpm/perchild/scoreboard.h,11,3,0,0,0,0,0,0,0,0,0,0,0
server/mpm/beos/scoreboard.h,8,2,0,0,0,0,0,0,0,0,0,0,0
os/win32/apache.ico,0,1,0,0,0,0,0,0,0,0,0,0,0
include/pcreposix.h,12,2,0,0,0,0,0,0,0,0,0,0,0
srclib/pcre/ChangeLog,1076,3,0,0,0,0,0,0,0,0,0,0,0
srclib/pcre/LICENCE,107,3,0,0,0,0,0,0,0,0,0,0,0
srclib/pcre/config.in,107,3,0,0,0,0,0,0,0,0,0,0,0
srclib/pcre/doc/pcre.3,2576,3,0,0,0,0,0,0,0,0,0,0,0
srclib/pcre/doc/pcre.html,550,2,0,0,0,0,0,0,0,0,0,0,0
srclib/pcre/doc/pcre.txt,6071,3,0,0,0,0,0,0,0,0,0,0,0
srclib/pcre/doc/pcretest.txt,1220,3,0,0,0,0,0,0,0,0,0,0,0
srclib/pcre/internal.h,758,3,0,0,0,0,0,0,0,0,0,0,0
srclib/pcre/pcre.c,11569,7,0,0,0,0,0,0,0,0,0,0,0
srclib/pcre/pcre.in,294,4,0,0,0,0,0,0,0,0,0,0,0
srclib/pcre/pcretest.c,1543,3,0,0,0,0,0,0,0,0,0,0,0
srclib/pcre/testdata/testinput3,1769,3,0,0,0,0,0,0,0,0,0,0,0
srclib/pcre/testdata/testoutput1,3388,5,0,0,0,0,0,0,0,0,0,0,0
srclib/pcre/testdata/testoutput2,3753,3,0,0,0,0,0,0,0,0,0,0,0
srclib/pcre/testdata/testoutput3,3104,3,0,0,0,0,0,0,0,0,0,0,0
srclib/pcre/testdata/testoutput4,954,3,0,0,0,0,0,0,0,0,0,0,0
srclib/expat-lite/xmlparse.dsp,39,6,0,0,0,0,0,0,0,0,0,0,0
srclib/expat-lite/xmltok.dsp,40,6,0,0,0,0,0,0,0,0,0,0,0
srclib/pcre/pcre.hw,280,3,0,0,0,0,0,0,0,0,0,0,0
srclib/pcre/pcreposix.c,184,5,0,0,0,0,0,0,0,0,0,0,0
modules/aaa/mod_auth_dbm.dsp,170,12,0,0,0,0,0,0,0,0,0,0,0
ApacheCoreDll.dsp,12,3,0,0,0,0,0,0,0,0,0,0,0
modules/dav/fs/mod_dav_fs.dsp,218,19,0,0,0,0,0,0,0,0,0,0,0
modules/dav/main/mod_dav.dsp,230,19,0,0,0,0,0,0,0,0,0,0,0
build/MakeEtags,4,2,0,0,0,0,0,0,0,0,0,0,0
test/test_date.c,2,1,0,0,0,0,0,0,0,0,0,0,0
build/buildexports.sh,133,11,0,0,0,0,0,0,0,0,0,0,0
server/mpm/beos/config.m4,5,2,0,0,0,0,0,0,0,0,0,0,0
server/mpm/mpmt_beos/config.m4,5,2,0,0,0,0,0,0,0,0,0,0,0
server/mpm/perchild/config.m4,6,3,0,0,0,0,0,0,0,0,0,0,0
srclib/expat-lite/expatlib.def,86,1,0,0,0,0,0,0,0,0,0,0,0
srclib/expat-lite/libexpat.def,92,2,0,0,0,0,0,0,0,0,0,0,0
modules/test/mod_autoindex.c,121,13,0,0,0,0,0,0,0,0,0,0,0
test/.cvsignore,5,1,0,0,0,0,0,0,0,0,0,0,0
modules/generators/config.m4,54,3,0,0,0,0,0,0,0,0,0,0,0
server/mpm/spmt_os2/config.m4,2,1,0,0,0,0,0,0,0,0,0,0,0
test/Makefile.in,33,8,0,0,0,0,0,0,0,0,0,0,0
.cvsignore,37,12,0,0,0,0,0,0,0,0,0,0,0
modules/test/.cvsignore,17,5,0,0,0,0,0,0,0,0,0,0,0
os/bs2000/.cvsignore,1,1,0,0,0,0,0,0,0,0,0,0,0
srclib/expat-lite/expatlib.dsp,32,2,0,0,0,0,0,0,0,0,0,0,0
srclib/expat-lite/libexpat.dsp,105,5,0,0,0,0,0,0,0,0,0,0,0
build/buildexports.awk,23,5,0,0,0,0,0,0,0,0,0,0,0
test/dbu.c,62,1,0,0,0,0,0,0,0,0,0,0,0
modules/mappers/config.m4,48,3,0,0,0,0,0,0,0,0,0,0,0
server/mpm/winnt/Win9xConHook.c,1276,15,0,0,0,0,0,0,0,0,0,0,0
server/mpm/winnt/Win9xConHook.dsp,56,7,0,0,0,0,0,0,0,0,0,0,0
server/mpm/winnt/Win9xConHook.h,272,11,0,0,0,0,0,0,0,0,0,0,0
server/mpm/winnt/Win9xConHook.def,5,2,0,0,0,0,0,0,0,0,0,0,0
.gdbinit,300,11,0,0,0,0,0,0,0,0,0,0,0
README,142,15,0,0,0,0,0,0,0,0,0,0,0
INSTALL,1178,19,0,0,0,0,0,0,0,0,0,0,0
modules/.cvsignore,4,2,0,0,0,0,0,0,0,0,0,0,0
modules/aaa/.cvsignore,17,5,0,0,0,0,0,0,0,0,0,0,0
modules/cache/.cvsignore,17,5,0,0,0,0,0,0,0,0,0,0,0
modules/dav/fs/.cvsignore,16,4,0,0,0,0,0,0,0,0,0,0,0
modules/dav/main/.cvsignore,16,4,0,0,0,0,0,0,0,0,0,0,0
modules/echo/.cvsignore,11,3,0,0,0,0,0,0,0,0,0,0,0
modules/filters/.cvsignore,17,5,0,0,0,0,0,0,0,0,0,0,0
modules/generators/.cvsignore,17,5,0,0,0,0,0,0,0,0,0,0,0
modules/http/.cvsignore,16,4,0,0,0,0,0,0,0,0,0,0,0
modules/loggers/.cvsignore,17,5,0,0,0,0,0,0,0,0,0,0,0
modules/mappers/.cvsignore,17,5,0,0,0,0,0,0,0,0,0,0,0
modules/metadata/.cvsignore,17,5,0,0,0,0,0,0,0,0,0,0,0
modules/ssl/.cvsignore,34,9,0,0,0,0,0,0,0,0,0,0,0
hints.m4,33,7,0,0,0,0,0,0,0,0,0,0,0
modules/experimental/mod_generic_hook_export.c,11,5,0,0,0,0,0,0,0,0,0,0,0
modules/experimental/mod_generic_hook_import.c,11,5,0,0,0,0,0,0,0,0,0,0,0
modules/experimental/mod_generic_hook_export.h,6,3,0,0,0,0,0,0,0,0,0,0,0
modules/http/error_bucket.c,36,6,0,0,0,0,0,0,0,0,0,0,0
server/mpm/beos/Makefile.in,2,1,0,0,0,0,0,0,0,0,0,0,0
server/mpm/experimental/perchild/Makefile.in,2,1,0,0,0,0,0,0,0,0,0,0,0
server/mpm/perchild/Makefile.in,2,1,0,0,0,0,0,0,0,0,0,0,0
include/release.h,6,1,0,0,0,0,0,0,0,0,0,0,0
modules/proxy/Makefile.in,8,1,0,0,0,0,0,0,0,0,0,0,0
modules/proxy/proxy_cache.c,4,1,0,0,0,0,0,0,0,0,0,0,0
modules/tls/Makefile.in,9,1,0,0,0,0,0,0,0,0,0,0,0
modules/tls/README,33,2,0,0,0,0,0,0,0,0,0,0,0
modules/tls/config.m4,127,8,0,0,0,0,0,0,0,0,0,0,0
modules/tls/mod_tls.c,853,19,0,0,0,0,0,0,0,0,0,0,0
modules/tls/openssl_state_machine.c,57,7,0,0,0,0,0,0,0,0,0,0,0
modules/tls/.cvsignore,12,4,0,0,0,0,0,0,0,0,0,0,0
server/mpm/MPM.NAMING,51,9,0,0,0,0,0,0,0,0,0,0,0
server/mpm/beos/mpm_default.h,225,14,0,0,0,0,0,0,0,0,0,0,0
modules/http/mod_core.h,233,29,0,0,0,0,0,0,0,0,0,0,0
os/win32/main_win32.h,2,1,0,0,0,0,0,0,0,0,0,0,0
server/mpm/beos/beos.h,85,9,0,0,0,0,0,0,0,0,0,0,0
ABOUT_APACHE,111,27,0,0,0,0,0,0,0,0,0,0,0
server/mpm/threaded/threaded.c,1218,74,0,0,0,0,0,0,0,0,0,0,0
modules/experimental/mod_optional_fn_import.c,4,2,0,0,0,0,0,0,0,0,0,0,0
modules/tls/openssl_state_machine.h,4,3,0,0,0,0,0,0,0,0,0,0,0
modules/experimental/mod_optional_fn_export.h,2,1,0,0,0,0,0,0,0,0,0,0,0
server/mpm/threaded/mpm_default.h,6,1,0,0,0,0,0,0,0,0,0,0,0
Apache.mak,347,8,0,0,0,0,0,0,0,0,0,0,0
libhttpd.mak,3905,12,0,0,0,0,0,0,0,0,0,0,0
modules/aaa/mod_auth_anon.mak,375,7,0,0,0,0,0,0,0,0,0,0,0
modules/aaa/mod_auth_dbm.mak,465,7,0,0,0,0,0,0,0,0,0,0,0
modules/aaa/mod_auth_digest.mak,463,8,0,0,0,0,0,0,0,0,0,0,0
modules/cache/mod_file_cache.mak,424,7,0,0,0,0,0,0,0,0,0,0,0
modules/dav/fs/mod_dav_fs.mak,681,7,0,0,0,0,0,0,0,0,0,0,0
modules/dav/main/mod_dav.mak,620,8,0,0,0,0,0,0,0,0,0,0,0
modules/generators/mod_info.mak,348,7,0,0,0,0,0,0,0,0,0,0,0
modules/generators/mod_status.mak,390,8,0,0,0,0,0,0,0,0,0,0,0
modules/mappers/mod_rewrite.mak,375,7,0,0,0,0,0,0,0,0,0,0,0
modules/mappers/mod_speling.mak,372,7,0,0,0,0,0,0,0,0,0,0,0
modules/metadata/mod_cern_meta.mak,371,7,0,0,0,0,0,0,0,0,0,0,0
modules/metadata/mod_expires.mak,371,7,0,0,0,0,0,0,0,0,0,0,0
modules/metadata/mod_headers.mak,376,7,0,0,0,0,0,0,0,0,0,0,0
modules/metadata/mod_usertrack.mak,372,7,0,0,0,0,0,0,0,0,0,0,0
server/gen_test_char.mak,216,7,0,0,0,0,0,0,0,0,0,0,0
server/gen_uri_delims.mak,87,3,0,0,0,0,0,0,0,0,0,0,0
srclib/expat-lite/libexpat.mak,108,3,0,0,0,0,0,0,0,0,0,0,0
srclib/pcre/dftables.mak,75,2,0,0,0,0,0,0,0,0,0,0,0
support/ab.mak,267,7,0,0,0,0,0,0,0,0,0,0,0
support/htdigest.mak,217,7,0,0,0,0,0,0,0,0,0,0,0
support/htpasswd.mak,271,7,0,0,0,0,0,0,0,0,0,0,0
support/logresolve.mak,198,5,0,0,0,0,0,0,0,0,0,0,0
support/rotatelogs.mak,116,4,0,0,0,0,0,0,0,0,0,0,0
build/fixwin32mak.pl,3,1,0,0,0,0,0,0,0,0,0,0,0
srclib/expat-lite/expat.mak,44,1,0,0,0,0,0,0,0,0,0,0,0
os/win32/apache.rc,8,1,0,0,0,0,0,0,0,0,0,0,0
server/mpm/threaded/mpm.h,19,8,0,0,0,0,0,0,0,0,0,0,0
emacs-style,2,2,0,0,0,0,0,0,0,0,0,0,0
srclib/pcre/pcre.mak,92,3,0,0,0,0,0,0,0,0,0,0,0
srclib/pcre/pcreposix.mak,88,3,0,0,0,0,0,0,0,0,0,0,0
build/httpd_roll_release,134,18,0,0,0,0,0,0,0,0,0,0,0
modules/README,55,3,0,0,0,0,0,0,0,0,0,0,0
os/beos/config.m4,2,1,0,0,0,0,0,0,0,0,0,0,0
server/mpm/spmt_os2/config5.m4,3,1,0,0,0,0,0,0,0,0,0,0,0
modules/ssl/Makefile.tmpl,97,1,0,0,0,0,0,0,0,0,0,0,0
modules/ssl/Makefile.win32,96,1,0,0,0,0,0,0,0,0,0,0,0
modules/ssl/libssl.module,97,1,0,0,0,0,0,0,0,0,0,0,0
modules/ssl/ssl_engine_compat.c,85,3,0,0,0,0,0,0,0,0,0,0,0
modules/ssl/ssl_engine_dh.c,283,16,0,0,0,0,0,0,0,0,0,0,0
modules/ssl/ssl_engine_ds.c,192,11,0,0,0,0,0,0,0,0,0,0,0
modules/ssl/ssl_engine_ext.c,359,11,0,0,0,0,0,0,0,0,0,0,0
modules/ssl/ssl_expr.c,167,11,0,0,0,0,0,0,0,0,0,0,0
modules/ssl/ssl_expr.h,204,15,0,0,0,0,0,0,0,0,0,0,0
modules/ssl/ssl_expr_eval.c,442,19,0,0,0,0,0,0,0,0,0,0,0
modules/ssl/ssl_expr_parse.y,196,15,0,0,0,0,0,0,0,0,0,0,0
modules/ssl/ssl_expr_scan.l,182,13,0,0,0,0,0,0,0,0,0,0,0
modules/ssl/ssl_scache_shmht.c,257,12,0,0,0,0,0,0,0,0,0,0,0
modules/ssl/ssl_util_sdbm.c,71,2,0,0,0,0,0,0,0,0,0,0,0
modules/ssl/ssl_util_sdbm.h,71,2,0,0,0,0,0,0,0,0,0,0,0
modules/ssl/ssl_util_table.h,88,7,0,0,0,0,0,0,0,0,0,0,0
modules/ssl/README,456,38,0,0,0,0,0,0,0,0,0,0,0
modules/ssl/Makefile.in,100,7,0,0,0,0,0,0,0,0,0,0,0
modules/experimental/mod_optional_fn_export.c,2,1,0,0,0,0,0,0,0,0,0,0,0
modules/experimental/mod_optional_hook_export.c,11,3,0,0,0,0,0,0,0,0,0,0,0
modules/experimental/mod_optional_hook_export.h,12,3,0,0,0,0,0,0,0,0,0,0,0
modules/experimental/mod_optional_hook_import.c,14,3,0,0,0,0,0,0,0,0,0,0,0
modules/proxy/mod_proxy.mak,40,1,0,0,0,0,0,0,0,0,0,0,0
srclib/.cvsignore,4,3,0,0,0,0,0,0,0,0,0,0,0
modules/proxy/CHANGES,107,15,0,0,0,0,0,0,0,0,0,0,0
modules/ssl/mod_ssl.mak,2836,6,0,0,0,0,0,0,0,0,0,0,0
modules/tls/mod_tls.mak,213,5,0,0,0,0,0,0,0,0,0,0,0
modules/ssl/mod_ssl.dsp,315,31,0,0,0,0,0,0,0,0,0,0,0
modules/tls/mod_tls.dsp,81,6,0,0,0,0,0,0,0,0,0,0,0
os/os2/core.mk,6,3,0,0,0,0,0,0,0,0,0,0,0
support/win32/apache_header.bmp,0,2,0,0,0,0,0,0,0,0,0,0,0
support/win32/ApacheMonitor.mak,160,1,0,0,0,0,0,0,0,0,0,0,0
server/mpm/worker/mpm.h,112,23,0,0,0,0,0,0,0,0,0,0,1
build/win32/win32ver.awk,149,10,0,0,0,0,0,0,0,0,0,0,0
support/win32/.cvsignore,18,8,0,0,0,0,0,0,0,0,0,0,0
support/win32/wintty.dsp,111,9,0,0,0,0,0,0,0,0,0,0,0
build/win32/.cvsignore,2,2,0,0,0,0,0,0,0,0,0,0,0
modules/aaa/mod_auth_ldap.c,82,5,0,0,0,0,0,0,0,0,0,0,0
support/abs.dsp,67,11,0,0,0,0,0,0,0,0,0,0,0
modules/proxy/proxy_connect.dsp,37,2,0,0,0,0,0,0,0,0,0,0,0
modules/proxy/proxy_ftp.dsp,37,2,0,0,0,0,0,0,0,0,0,0,0
modules/proxy/proxy_http.dsp,37,2,0,0,0,0,0,0,0,0,0,0,0
modules/experimental/mod_cache.dsp,201,13,0,0,0,0,0,0,0,0,0,0,0
modules/test/README,4,1,0,0,0,0,0,0,0,0,0,0,0
build/win32/apache.ico,0,1,0,0,0,0,0,0,0,0,0,0,0
modules/config5.m4,106,7,0,0,0,0,0,0,0,0,0,0,0
build/prebuildNW.bat,81,8,0,0,0,0,0,0,0,0,0,0,0
os/netware/Apache.def,5,3,0,0,0,0,0,0,0,0,0,0,0
server/mpm/netware/mpm.h,111,13,0,0,0,0,0,0,0,0,0,0,1
apachenw.mcp.zip,0,25,0,0,0,0,0,0,0,0,0,0,0
server/mpm/mpmt_os2/mpm.h,89,11,0,0,0,0,0,0,0,0,0,0,1
ROADMAP,812,27,0,0,0,0,0,0,0,0,0,0,0
modules/experimental/mod_deflate.c,199,11,0,0,0,0,0,0,0,0,0,0,0
support/envvars-std.in,30,6,0,0,0,0,0,0,0,0,0,0,0
modules/experimental/mod_mem_cache.dsp,121,10,0,0,0,0,0,0,0,0,0,0,0
modules/mappers/mod_vhost_alias.dsp,56,7,0,0,0,0,0,0,0,0,0,0,0
modules/metadata/mod_mime_magic.dsp,56,7,0,0,0,0,0,0,0,0,0,0,0
modules/metadata/mod_unique_id.dsp,56,7,0,0,0,0,0,0,0,0,0,0,0
BuildBin.dsp,40,5,0,0,0,0,0,0,0,0,0,0,0
modules/experimental/mod_disk_cache.dsp,120,10,0,0,0,0,0,0,0,0,0,0,0
server/mpm/worker/Makefile.in,2,1,0,0,0,0,0,0,0,0,0,0,0
NWGNUmakefile,270,37,0,0,0,0,0,0,0,0,0,0,0
server/mpm/worker/pod.h,87,10,0,0,0,0,0,0,0,0,0,0,0
support/dbmmanage.in,72,7,0,0,0,0,0,0,0,0,0,0,0
support/log_server_status.in,72,7,0,0,0,0,0,0,0,0,0,0,0
support/logresolve.pl.in,74,7,0,0,0,0,0,0,0,0,0,0,0
support/split-logfile.in,75,8,0,0,0,0,0,0,0,0,0,0,0
build/.cvsignore,9,5,0,0,0,0,0,0,0,0,0,0,0
srclib/pcre/AUTHORS,4,2,0,0,0,0,0,0,0,0,0,0,0
srclib/pcre/COPYING,95,2,0,0,0,0,0,0,0,0,0,0,0
srclib/pcre/INSTALL,2,1,0,0,0,0,0,0,0,0,0,0,0
srclib/pcre/NEWS,155,2,0,0,0,0,0,0,0,0,0,0,0
srclib/pcre/NON-UNIX-USE,222,2,0,0,0,0,0,0,0,0,0,0,0
srclib/pcre/README,448,2,0,0,0,0,0,0,0,0,0,0,0
srclib/pcre/dftables.c,143,2,0,0,0,0,0,0,0,0,0,0,0
srclib/pcre/doc/Tech.Notes,205,2,0,0,0,0,0,0,0,0,0,0,0
srclib/pcre/doc/pcreposix.3,232,2,0,0,0,0,0,0,0,0,0,0,0
srclib/pcre/doc/pcreposix.html,11,1,0,0,0,0,0,0,0,0,0,0,0
srclib/pcre/doc/pcreposix.txt,11,1,0,0,0,0,0,0,0,0,0,0,0
srclib/pcre/doc/perltest.txt,46,2,0,0,0,0,0,0,0,0,0,0,0
srclib/pcre/get.c,208,2,0,0,0,0,0,0,0,0,0,0,0
srclib/pcre/ltmain.sh,2468,1,0,0,0,0,0,0,0,0,0,0,0
srclib/pcre/maketables.c,70,2,0,0,0,0,0,0,0,0,0,0,0
srclib/pcre/pcreposix.h,39,2,0,0,0,0,0,0,0,0,0,0,0
srclib/pcre/perltest,66,2,0,0,0,0,0,0,0,0,0,0,0
srclib/pcre/study.c,231,3,0,0,0,0,0,0,0,0,0,0,0
srclib/pcre/testdata/testinput1,1960,4,0,0,0,0,0,0,0,0,0,0,0
srclib/pcre/testdata/testinput2,696,2,0,0,0,0,0,0,0,0,0,0,0
srclib/pcre/testdata/testinput4,525,2,0,0,0,0,0,0,0,0,0,0,0
srclib/pcre/config.hw,97,2,0,0,0,0,0,0,0,0,0,0,0
server/mpm/worker/config5.m4,1,1,0,0,0,0,0,0,0,0,0,0,0
server/mpm/experimental/leader/leader.c,1251,43,0,0,0,0,0,0,0,0,0,0,0
server/mpm/experimental/leader/mpm.h,92,14,0,0,0,0,0,0,0,0,0,0,1
server/mpm/experimental/leader/Makefile.in,4,2,0,0,0,0,0,0,0,0,0,0,0
modules/arch/netware/mod_proxy.def,5,1,0,0,0,0,0,0,0,0,0,0,0
modules/proxy/NWGNUmakefile,66,4,0,0,0,0,0,0,0,0,0,0,0
server/mpm/experimental/perchild/config5.m4,4,2,0,0,0,0,0,0,0,0,0,0,0
modules/proxy/NWGNUproxy,39,13,0,0,0,0,0,0,0,0,0,0,0
build/NWGNUenvironment.inc,102,20,0,0,0,0,0,0,0,0,0,0,0
modules/NWGNUmakefile,82,15,0,0,0,0,0,0,0,0,0,0,0
support/NWGNUmakefile,8,4,0,0,0,0,0,0,0,0,0,0,0
modules/experimental/NWGNUmakefile,36,11,0,0,0,0,0,0,0,0,0,0,0
modules/experimental/cache_hash.h,96,9,0,0,0,0,0,0,0,0,0,0,0
modules/experimental/cache_hash.c,111,11,0,0,0,0,0,0,0,0,0,0,0
modules/experimental/NWGNUmem_cach,16,7,0,0,0,0,0,0,0,0,0,0,0
modules/arch/netware/mod_cache.def,5,1,0,0,0,0,0,0,0,0,0,0,0
modules/arch/netware/mod_mem_cache.def,4,1,0,0,0,0,0,0,0,0,0,0,0
modules/experimental/NWGNUdsk_cach,14,5,0,0,0,0,0,0,0,0,0,0,0
modules/experimental/NWGNUmod_cach,12,4,0,0,0,0,0,0,0,0,0,0,0
modules/arch/win32/mod_isapi.dsp,58,7,0,0,0,0,0,0,0,0,0,0,0
modules/experimental/mod_cache.imp,88,6,0,0,0,0,0,0,0,0,0,0,0
modules/arch/win32/.cvsignore,16,2,0,0,0,0,0,0,0,0,0,0,0
server/mpm/experimental/threadpool/mpm.h,89,11,0,0,0,0,0,0,0,0,0,0,1
modules/experimental/cache_pqueue.c,346,17,0,0,0,0,0,0,0,0,0,0,0
modules/filters/NWGNUdeflate,55,7,0,0,0,0,0,0,0,0,0,0,0
os/win32/ap_regkey.h,102,2,0,0,0,0,0,0,0,0,0,0,0
support/win32/ApacheMonitor.rc.in,6,2,0,0,0,0,0,0,0,0,0,0,0
modules/experimental/cache_pqueue.h,104,9,0,0,0,0,0,0,0,0,0,0,0
build/NWGNUtail.inc,111,11,0,0,0,0,0,0,0,0,0,0,0
srclib/pcre/NWGNUmakefile,24,4,0,0,0,0,0,0,0,0,0,0,0
modules/experimental/cache_cache.c,139,8,0,0,0,0,0,0,0,0,0,0,0
modules/experimental/cache_cache.h,75,6,0,0,0,0,0,0,0,0,0,0,0
modules/experimental/README.ldap,41,3,0,0,0,0,0,0,0,0,0,0,0
server/mpm/experimental/leader/README,13,1,0,0,0,0,0,0,0,0,0,0,0
support/NWGNUab,23,5,0,0,0,0,0,0,0,0,0,0,0
support/NWGNUhtdbm,18,4,0,0,0,0,0,0,0,0,0,0,0
support/NWGNUhtdigest,18,4,0,0,0,0,0,0,0,0,0,0,0
support/NWGNUhtpasswd,18,4,0,0,0,0,0,0,0,0,0,0,0
support/NWGNUlogres,29,5,0,0,0,0,0,0,0,0,0,0,0
support/NWGNUrotlogs,16,4,0,0,0,0,0,0,0,0,0,0,0
modules/aaa/mod_auth.h,143,13,0,0,0,0,0,0,0,0,0,0,0
modules/aaa/NWGNUmakefile,24,5,0,0,0,0,0,0,0,0,0,0,0
modules/aaa/auth_provider.c,8,1,0,0,0,0,0,0,0,0,0,0,0
modules/aaa/mod_auth_basic.dsp,60,8,0,0,0,0,0,0,0,0,0,0,0
build/NWGNUmakefile,12,5,0,0,0,0,0,0,0,0,0,0,0
build/nw_export.inc,6,5,0,0,0,0,0,0,0,0,0,0,0
modules/aaa/NWGNUauthbasc,15,5,0,0,0,0,0,0,0,0,0,0,0
modules/aaa/NWGNUauthdigt,15,5,0,0,0,0,0,0,0,0,0,0,0
modules/aaa/NWGNUauthndbm,11,4,0,0,0,0,0,0,0,0,0,0,0
modules/aaa/NWGNUauthnfil,11,4,0,0,0,0,0,0,0,0,0,0,0
modules/arch/netware/mod_authn_dbm.def,2,1,0,0,0,0,0,0,0,0,0,0,0
modules/arch/netware/mod_authn_file.def,2,1,0,0,0,0,0,0,0,0,0,0,0
modules/proxy/NWGNUproxycon,14,6,0,0,0,0,0,0,0,0,0,0,0
modules/proxy/NWGNUproxyftp,31,10,0,0,0,0,0,0,0,0,0,0,0
modules/proxy/NWGNUproxyhtp,29,9,0,0,0,0,0,0,0,0,0,0,0
modules/arch/netware/mod_proxy_connect.def,1,1,0,0,0,0,0,0,0,0,0,0,0
modules/arch/netware/mod_proxy_ftp.def,1,1,0,0,0,0,0,0,0,0,0,0,0
modules/arch/netware/mod_proxy_http.def,1,1,0,0,0,0,0,0,0,0,0,0,0
modules/aaa/NWGNUauthnano,10,3,0,0,0,0,0,0,0,0,0,0,0
modules/aaa/NWGNUauthndef,10,3,0,0,0,0,0,0,0,0,0,0,0
modules/aaa/NWGNUauthzdbm,10,3,0,0,0,0,0,0,0,0,0,0,0
modules/aaa/NWGNUauthzdef,10,3,0,0,0,0,0,0,0,0,0,0,0
modules/aaa/NWGNUauthzgrp,10,3,0,0,0,0,0,0,0,0,0,0,0
modules/aaa/NWGNUauthzusr,10,3,0,0,0,0,0,0,0,0,0,0,0
modules/dav/fs/NWGNUmakefile,27,8,0,0,0,0,0,0,0,0,0,0,0
modules/echo/NWGNUmakefile,10,3,0,0,0,0,0,0,0,0,0,0,0
modules/experimental/NWGNUexample,10,3,0,0,0,0,0,0,0,0,0,0,0
modules/filters/NWGNUextfiltr,10,3,0,0,0,0,0,0,0,0,0,0,0
modules/generators/NWGNUinfo,10,3,0,0,0,0,0,0,0,0,0,0,0
modules/generators/NWGNUstatus,10,3,0,0,0,0,0,0,0,0,0,0,0
modules/loggers/NWGNUmakefile,34,3,0,0,0,0,0,0,0,0,0,0,0
modules/mappers/NWGNUrewrite,11,4,0,0,0,0,0,0,0,0,0,0,0
modules/mappers/NWGNUspeling,10,3,0,0,0,0,0,0,0,0,0,0,0
modules/mappers/NWGNUvhost,10,3,0,0,0,0,0,0,0,0,0,0,0
modules/metadata/NWGNUcernmeta,10,3,0,0,0,0,0,0,0,0,0,0,0
modules/metadata/NWGNUexpires,10,3,0,0,0,0,0,0,0,0,0,0,0
modules/metadata/NWGNUheaders,11,4,0,0,0,0,0,0,0,0,0,0,0
modules/metadata/NWGNUmimemagi,10,3,0,0,0,0,0,0,0,0,0,0,0
modules/metadata/NWGNUuniqueid,25,6,0,0,0,0,0,0,0,0,0,0,0
modules/metadata/NWGNUusertrk,10,3,0,0,0,0,0,0,0,0,0,0,0
modules/dav/main/NWGNUmakefile,7,2,0,0,0,0,0,0,0,0,0,0,0
modules/filters/NWGNUmakefile,9,3,0,0,0,0,0,0,0,0,0,0,0
modules/experimental/mod_auth_ldap.dsp,345,9,0,0,0,0,0,0,0,0,0,0,0
modules/experimental/util_ldap.dsp,406,10,0,0,0,0,0,0,0,0,0,0,0
LAYOUT,16,4,0,0,0,0,0,0,0,0,0,0,0
modules/aaa/mod_authn_default.c,129,11,0,0,0,0,0,0,0,0,0,0,0
modules/aaa/mod_authz_default.c,100,10,0,0,0,0,0,0,0,0,0,0,0
support/htdbm.dsp,46,6,0,0,0,0,0,0,0,0,0,0,0
modules/aaa/mod_authn_anon.dsp,52,6,0,0,0,0,0,0,0,0,0,0,0
modules/aaa/mod_authn_dbm.dsp,52,6,0,0,0,0,0,0,0,0,0,0,0
modules/aaa/mod_authn_default.dsp,52,6,0,0,0,0,0,0,0,0,0,0,0
modules/aaa/mod_authn_file.dsp,52,6,0,0,0,0,0,0,0,0,0,0,0
modules/aaa/mod_authz_dbm.dsp,52,6,0,0,0,0,0,0,0,0,0,0,0
modules/aaa/mod_authz_default.dsp,52,6,0,0,0,0,0,0,0,0,0,0,0
modules/aaa/mod_authz_groupfile.dsp,52,6,0,0,0,0,0,0,0,0,0,0,0
modules/aaa/mod_authz_host.dsp,52,6,0,0,0,0,0,0,0,0,0,0,0
modules/aaa/mod_authz_user.dsp,52,6,0,0,0,0,0,0,0,0,0,0,0
modules/filters/mod_ext_filter.dsp,54,7,0,0,0,0,0,0,0,0,0,0,0
modules/filters/mod_include.dsp,52,6,0,0,0,0,0,0,0,0,0,0,0
modules/generators/mod_asis.dsp,52,6,0,0,0,0,0,0,0,0,0,0,0
modules/generators/mod_autoindex.dsp,52,6,0,0,0,0,0,0,0,0,0,0,0
modules/generators/mod_cgi.dsp,52,6,0,0,0,0,0,0,0,0,0,0,0
modules/http/mod_mime.dsp,52,6,0,0,0,0,0,0,0,0,0,0,0
modules/loggers/mod_log_config.dsp,52,6,0,0,0,0,0,0,0,0,0,0,0
modules/loggers/mod_logio.dsp,52,6,0,0,0,0,0,0,0,0,0,0,0
modules/mappers/mod_actions.dsp,52,6,0,0,0,0,0,0,0,0,0,0,0
modules/mappers/mod_alias.dsp,52,6,0,0,0,0,0,0,0,0,0,0,0
modules/mappers/mod_dir.dsp,52,6,0,0,0,0,0,0,0,0,0,0,0
modules/mappers/mod_imap.dsp,50,5,0,0,0,0,0,0,0,0,0,0,0
modules/mappers/mod_negotiation.dsp,52,6,0,0,0,0,0,0,0,0,0,0,0
modules/mappers/mod_userdir.dsp,52,6,0,0,0,0,0,0,0,0,0,0,0
modules/metadata/mod_env.dsp,52,6,0,0,0,0,0,0,0,0,0,0,0
modules/metadata/mod_setenvif.dsp,60,8,0,0,0,0,0,0,0,0,0,0,0
modules/proxy/mod_proxy_connect.dsp,54,7,0,0,0,0,0,0,0,0,0,0,0
modules/proxy/mod_proxy_ftp.dsp,54,7,0,0,0,0,0,0,0,0,0,0,0
modules/proxy/mod_proxy_http.dsp,54,7,0,0,0,0,0,0,0,0,0,0,0
modules/experimental/mod_charset_lite.dsp,75,7,0,0,0,0,0,0,0,0,0,0,0
modules/metadata/NWGNUmakefile,2,2,0,0,0,0,0,0,0,0,0,0,0
include/ap_config_layout.h.in,73,6,0,0,0,0,0,0,0,0,0,0,0
server/mpm/experimental/leader/mpm_default.h,83,7,0,0,0,0,0,0,0,0,0,0,0
server/mpm/experimental/threadpool/mpm_default.h,83,7,0,0,0,0,0,0,0,0,0,0,0
server/mpm/experimental/threadpool/pod.c,74,6,0,0,0,0,0,0,0,0,0,0,0
server/mpm/experimental/threadpool/pod.h,83,7,0,0,0,0,0,0,0,0,0,0,0
modules/dav/lock/NWGNUmakefile,7,3,0,0,0,0,0,0,0,0,0,0,0
modules/metadata/mod_ident.dsp,48,5,0,0,0,0,0,0,0,0,0,0,0
acconfig.h,6,1,0,0,0,0,0,0,0,0,0,0,0
build/rpm/httpd.spec.in,185,10,0,0,0,0,0,0,0,0,0,0,0
build/PrintPath,25,4,0,0,0,0,0,0,0,0,0,0,0
modules/experimental/NWGNUcharsetl,7,2,0,0,0,0,0,0,0,0,0,0,0
modules/ssl/ssl_scache_dc.c,156,8,0,0,0,0,0,0,0,0,0,0,0
support/phf_abuse_log.cgi.in,24,4,0,0,0,0,0,0,0,0,0,0,0
build/config.guess,376,1,0,0,0,0,0,0,0,0,0,0,0
build/config.sub,296,1,0,0,0,0,0,0,0,0,0,0,0
build/NWGNUhead.inc,9,3,0,0,0,0,0,0,0,0,0,0,0
modules/dav/main/dav.imp,125,3,0,0,0,0,0,0,0,0,0,0,0
server/NWGNUmakefile,13,1,0,0,0,0,0,0,0,0,0,0,0
modules/mappers/mod_so.h,17,4,0,0,0,0,0,0,0,0,0,0,0
modules/proxy/proxy_balancer.c,1661,33,0,0,0,0,0,0,0,0,0,0,0
modules/proxy/NWGNUproxyajp,52,8,0,0,0,0,0,0,0,0,0,0,0
modules/ldap/README.ldap,12,1,0,0,0,0,0,0,0,0,0,0,0
modules/proxy/mod_proxy_ajp.dsp,22,3,0,0,0,0,0,0,0,0,0,0,0
modules/experimental/mod_filter.c,1793,29,0,0,0,0,0,0,0,0,0,0,0
VERSIONING,12,2,0,0,0,0,0,0,0,0,0,0,0
srclib/pcre/mkinstalldirs,2,1,0,0,0,0,0,0,0,0,0,0,0
srclib/pcre/RunTest.in,139,1,0,0,0,0,0,0,0,0,0,0,0
srclib/pcre/doc/pcregrep.1,122,1,0,0,0,0,0,0,0,0,0,0,0
srclib/pcre/doc/pcregrep.txt,147,1,0,0,0,0,0,0,0,0,0,0,0
srclib/pcre/doc/pcretest.1,577,1,0,0,0,0,0,0,0,0,0,0,0
srclib/pcre/pcre-config.in,11,1,0,0,0,0,0,0,0,0,0,0,0
srclib/pcre/pcre.def,3,1,0,0,0,0,0,0,0,0,0,0,0
srclib/pcre/pcredemo.c,260,1,0,0,0,0,0,0,0,0,0,0,0
srclib/pcre/pcregrep.c,177,1,0,0,0,0,0,0,0,0,0,0,0
srclib/pcre/testdata/testinput5,335,1,0,0,0,0,0,0,0,0,0,0,0
srclib/pcre/testdata/testinput6,531,1,0,0,0,0,0,0,0,0,0,0,0
srclib/pcre/testdata/testoutput5,1253,1,0,0,0,0,0,0,0,0,0,0,0
srclib/pcre/testdata/testoutput6,1164,1,0,0,0,0,0,0,0,0,0,0,0
modules/cache/NWGNUdsk_cach,5,1,0,0,0,0,0,0,0,0,0,0,0
modules/cache/NWGNUmem_cach,5,1,0,0,0,0,0,0,0,0,0,0,0
modules/cache/NWGNUmod_cach,5,1,0,0,0,0,0,0,0,0,0,0,0
modules/experimental/NWGNUmod_filter,500,1,0,0,0,0,0,0,0,0,0,0,0
modules/loggers/NWGNUforensic,6,1,0,0,0,0,0,0,0,0,0,0,0
modules/loggers/NWGNUmodlogio,6,1,0,0,0,0,0,0,0,0,0,0,0
modules/metadata/NWGNUmodident,6,1,0,0,0,0,0,0,0,0,0,0,0
modules/metadata/NWGNUmodversion,6,1,0,0,0,0,0,0,0,0,0,0,0
modules/proxy/NWGNUproxybalancer,17,5,0,0,0,0,0,0,0,0,0,0,0
support/NWGNUhtcacheclean,504,1,0,0,0,0,0,0,0,0,0,0,0
server/mpm/experimental/event/fdqueue.c,16,4,0,0,0,0,0,0,0,0,0,0,0
test/zb.c,206,3,0,0,0,0,0,0,0,0,0,0,0
modules/cache/NWGNUmakefile,492,1,0,0,0,0,0,0,0,0,0,0,0
modules/debug/mod_dumpio.c,66,5,0,0,0,0,0,0,0,0,0,0,0
modules/proxy/mod_proxy_balancer.dsp,4,2,0,0,0,0,0,0,0,0,0,0,0
modules/cache/cache_cache.c,3,1,0,0,0,0,0,0,0,0,0,0,0
modules/cache/cache_cache.h,24,2,0,0,0,0,0,0,0,0,0,0,0
modules/cache/cache_hash.c,43,4,0,0,0,0,0,0,0,0,0,0,0
modules/cache/cache_hash.h,23,2,0,0,0,0,0,0,0,0,0,0,0
modules/cache/cache_pqueue.c,3,1,0,0,0,0,0,0,0,0,0,0,0
modules/cache/cache_pqueue.h,13,2,0,0,0,0,0,0,0,0,0,0,0
modules/cache/mod_mem_cache.c,289,7,0,0,0,0,0,0,0,0,0,0,0
modules/debug/mod_bucketeer.c,15,2,0,0,0,0,0,0,0,0,0,0,0
server/mpm/experimental/event/fdqueue.h,12,2,0,0,0,0,0,0,0,0,0,0,0
server/mpm/experimental/event/mpm.h,14,3,0,0,0,0,0,0,0,0,0,0,1
server/mpm/experimental/event/mpm_default.h,13,2,0,0,0,0,0,0,0,0,0,0,0
server/mpm/experimental/event/pod.c,3,1,0,0,0,0,0,0,0,0,0,0,0
server/mpm/experimental/event/pod.h,12,2,0,0,0,0,0,0,0,0,0,0,0
modules/cache/mod_cache.imp,3,2,0,0,0,0,0,0,0,0,0,0,0
modules/mappers/mod_imagemap.dsp,306,3,0,0,0,0,0,0,0,0,0,0,0
modules/generators/NWGNUmakefile,3,1,0,0,0,0,0,0,0,0,0,0,0
modules/mappers/NWGNUmakefile,3,1,0,0,0,0,0,0,0,0,0,0,0
modules/generators/NWGNUautoindex,502,1,0,0,0,0,0,0,0,0,0,0,0
modules/generators/NWGNUmod_asis,502,1,0,0,0,0,0,0,0,0,0,0,0
modules/generators/NWGNUmod_cgi,504,1,0,0,0,0,0,0,0,0,0,0,0
modules/mappers/NWGNUactions,498,1,0,0,0,0,0,0,0,0,0,0,0
modules/mappers/NWGNUimagemap,500,1,0,0,0,0,0,0,0,0,0,0,0
modules/mappers/NWGNUuserdir,500,1,0,0,0,0,0,0,0,0,0,0,0
modules/aaa/mod_authnz_ldap.dsp,2,1,0,0,0,0,0,0,0,0,0,0,0
modules/cache/mod_cache.dsp,2,1,0,0,0,0,0,0,0,0,0,0,0
modules/cache/mod_disk_cache.dsp,2,1,0,0,0,0,0,0,0,0,0,0,0
modules/cache/mod_mem_cache.dsp,2,1,0,0,0,0,0,0,0,0,0,0,0
modules/debug/mod_bucketeer.dsp,2,1,0,0,0,0,0,0,0,0,0,0,0
modules/debug/mod_dumpio.dsp,2,1,0,0,0,0,0,0,0,0,0,0,0
modules/echo/mod_echo.dsp,2,1,0,0,0,0,0,0,0,0,0,0,0
modules/ldap/mod_ldap.dsp,2,1,0,0,0,0,0,0,0,0,0,0,0
modules/loggers/mod_log_forensic.dsp,2,1,0,0,0,0,0,0,0,0,0,0,0
modules/metadata/mod_version.dsp,2,1,0,0,0,0,0,0,0,0,0,0,0
modules/experimental/mod_dbd.h,65,5,0,0,0,0,0,0,0,0,0,0,0
modules/aaa/NWGNUauthnalias,500,1,0,0,0,0,0,0,0,0,0,0,0
modules/ssl/NWGNUmakefile,14,1,0,0,0,0,0,0,0,0,0,0,0
modules/experimental/mod_dbd.c,328,5,0,0,0,0,0,0,0,0,0,0,0
support/README,3,1,0,0,0,0,0,0,0,0,0,0,0
support/NWGNUhttxt2dbm,504,1,0,0,0,0,0,0,0,0,0,0,0
modules/aaa/mod_authn_alias.c,26,1,0,0,0,0,0,0,0,0,0,0,0
modules/database/NWGNUmakefile,5,1,0,0,0,0,0,0,0,0,0,0,0
